id,timestamp,voteUrl,bill,billDescription,billUrl,amendment,amendmentUrl,question,vote,result
[S]-452,2026-01-14T14:41:00.000-05:00,https://www.scstatehouse.gov/votehistory.php?KEY=26334,S.59,Increased Penalties for Driving Without a License,https://www.scstatehouse.gov/billsearch.php?billnumbers=59&session=126&headerfooter=0,,,2nd Reading,Aye,Passed
[S]-454,2026-01-15T11:32:00.000-05:00,https://www.scstatehouse.gov/votehistory.php?KEY=26346,S.52,Driving under the influence,https://www.scstatehouse.gov/billsearch.php?billnumbers=52&session=126&headerfooter=0,,,set for Special Order,Aye,Passed
[S]-456,2026-01-20T13:07:00.000-05:00,https://www.scstatehouse.gov/votehistory.php?KEY=26353,S.256,Commercial Property Assessed Clean Energy Programs C-PACE,https://www.scstatehouse.gov/billsearch.php?billnumbers=256&session=126&headerfooter=0,,,2nd Reading,Nay,Failed
[S]-458,2026-01-21T13:29:00.000-05:00,https://www.scstatehouse.gov/votehistory.php?KEY=26356,S.769,Continuing Resolution,https://www.scstatehouse.gov/billsearch.php?billnumbers=769&session=126&headerfooter=0,,,2nd Reading,Aye,Passed
[S]-459,2026-01-21T13:33:00.000-05:00,https://www.scstatehouse.gov/votehistory.php?KEY=26357,S.779,Legislative Expense Allowance,https://www.scstatehouse.gov/billsearch.php?billnumbers=779&session=126&headerfooter=0,,,2nd Reading,Aye,Passed
[S]-464,2026-02-03T15:24:00.000-05:00,https://www.scstatehouse.gov/votehistory.php?KEY=26394,S.26,Watercraft Liability Insurance,https://www.scstatehouse.gov/billsearch.php?billnumbers=26&session=126&headerfooter=0,,,2nd Reading,Nay,Passed
[S]-466,2026-02-04T15:43:00.000-05:00,https://www.scstatehouse.gov/votehistory.php?KEY=26406,S.52,Driving under the influence,https://www.scstatehouse.gov/billsearch.php?billnumbers=52&session=126&headerfooter=0,45,https://scstatehouse.gov/amendments.php?KEY=33905,Table Amendment #45,Nay,Failed
[S]-467,2026-02-04T17:04:00.000-05:00,https://www.scstatehouse.gov/votehistory.php?KEY=26413,S.52,Driving under the influence,https://www.scstatehouse.gov/billsearch.php?billnumbers=52&session=126&headerfooter=0,45,https://scstatehouse.gov/amendments.php?KEY=33905,Adopt Amendment #45,Aye,Failed
[S]-468,2026-02-04T17:46:00.000-05:00,https://www.scstatehouse.gov/votehistory.php?KEY=26414,S.52,Driving under the influence,https://www.scstatehouse.gov/billsearch.php?billnumbers=52&session=126&headerfooter=0,,,2nd Reading,Aye,Passed
[S]-469,2026-02-04T17:58:00.000-05:00,https://www.scstatehouse.gov/votehistory.php?KEY=26416,S.623,Georgetown County Building Requirements,https://www.scstatehouse.gov/billsearch.php?billnumbers=623&session=126&headerfooter=0,,,override the veto,Aye,Passed
[S]-471,2026-02-05T11:56:00.000-05:00,https://www.scstatehouse.gov/votehistory.php?KEY=26434,S.695,Unauthorized Fees for Claim Assistance,https://www.scstatehouse.gov/billsearch.php?billnumbers=695&session=126&headerfooter=0,,,2nd Reading,Aye,Passed
[S]-472,2026-02-05T12:02:00.000-05:00,https://www.scstatehouse.gov/votehistory.php?KEY=26435,S.880,Election Schedule,https://www.scstatehouse.gov/billsearch.php?billnumbers=880&session=126&headerfooter=0,,,2nd Reading,Aye,Passed
[S]-473,2026-02-05T12:17:00.000-05:00,https://www.scstatehouse.gov/votehistory.php?KEY=26436,S.287,Electronic Nicotine Delivery System Regulation,https://www.scstatehouse.gov/billsearch.php?billnumbers=287&session=126&headerfooter=0,,,concur,Nay,Passed
[S]-475,2026-02-10T14:11:00.000-05:00,https://www.scstatehouse.gov/votehistory.php?KEY=26447,S.454,Charter School Accountability,https://www.scstatehouse.gov/billsearch.php?billnumbers=454&session=126&headerfooter=0,,,3rd Reading,Aye,Passed
[S]-478,2026-02-12T11:57:00.000-05:00,https://www.scstatehouse.gov/votehistory.php?KEY=26463,S.453,Teledentistry,https://www.scstatehouse.gov/billsearch.php?billnumbers=453&session=126&headerfooter=0,,,2nd Reading,Aye,Passed
[S]-480,2026-02-17T12:21:00.000-05:00,https://www.scstatehouse.gov/votehistory.php?KEY=26467,S.718,Removal of People from Vehicle Park,https://www.scstatehouse.gov/billsearch.php?billnumbers=718&session=126&headerfooter=0,,,2nd Reading,Aye,Passed
[S]-481,2026-02-17T12:38:00.000-05:00,https://www.scstatehouse.gov/votehistory.php?KEY=26470,S.845,Child Fatality Advisory Committee,https://www.scstatehouse.gov/billsearch.php?billnumbers=845&session=126&headerfooter=0,,,2nd Reading,Aye,Passed
[S]-482,2026-02-17T12:40:00.000-05:00,https://www.scstatehouse.gov/votehistory.php?KEY=26471,S.868,Gold Shield Day,https://www.scstatehouse.gov/billsearch.php?billnumbers=868&session=126&headerfooter=0,,,2nd Reading,Aye,Passed
[S]-483,2026-02-17T12:55:00.000-05:00,https://www.scstatehouse.gov/votehistory.php?KEY=26473,H.4257,Excused student absences,https://www.scstatehouse.gov/billsearch.php?billnumbers=4257&session=126&headerfooter=0,,,2nd Reading,Aye,Passed
[S]-484,2026-02-17T14:21:00.000-05:00,https://www.scstatehouse.gov/votehistory.php?KEY=26476,H.4902,"Intercollegiate Athletes' Compensation for Name, Image, or Likeness",https://www.scstatehouse.gov/billsearch.php?billnumbers=4902&session=126&headerfooter=0,,,2nd Reading,Nay,Passed
[S]-486,2026-02-18T14:16:00.000-05:00,https://www.scstatehouse.gov/votehistory.php?KEY=26495,S.160,Dietitian Licensure Compact,https://www.scstatehouse.gov/billsearch.php?billnumbers=160&session=126&headerfooter=0,,,2nd Reading,Aye,Passed
[S]-487,2026-02-18T14:37:00.000-05:00,https://www.scstatehouse.gov/votehistory.php?KEY=26497,S.858,Foster Care,https://www.scstatehouse.gov/billsearch.php?billnumbers=858&session=126&headerfooter=0,,,2nd Reading,Aye,Passed
[S]-488,2026-02-18T14:46:00.000-05:00,https://www.scstatehouse.gov/votehistory.php?KEY=26498,H.3798,Military chaplains,https://www.scstatehouse.gov/billsearch.php?billnumbers=3798&session=126&headerfooter=0,,,2nd Reading,Aye,Passed
[S]-489,2026-02-18T14:49:00.000-05:00,https://www.scstatehouse.gov/votehistory.php?KEY=26499,S.619,Insurer liquidation,https://www.scstatehouse.gov/billsearch.php?billnumbers=619&session=126&headerfooter=0,,,2nd Reading,Aye,Passed
[S]-490,2026-02-18T14:51:00.000-05:00,https://www.scstatehouse.gov/votehistory.php?KEY=26500,S.697,211 Network,https://www.scstatehouse.gov/billsearch.php?billnumbers=697&session=126&headerfooter=0,,,2nd Reading,Aye,Passed
[S]-491,2026-02-18T14:53:00.000-05:00,https://www.scstatehouse.gov/votehistory.php?KEY=26501,S.780,Consumer Home Loans,https://www.scstatehouse.gov/billsearch.php?billnumbers=780&session=126&headerfooter=0,,,2nd Reading,Aye,Passed
[S]-492,2026-02-18T14:55:00.000-05:00,https://www.scstatehouse.gov/votehistory.php?KEY=26502,S.857,Contingent Deferred Annuities,https://www.scstatehouse.gov/billsearch.php?billnumbers=857&session=126&headerfooter=0,,,2nd Reading,Aye,Passed
[S]-493,2026-02-18T15:34:00.000-05:00,https://www.scstatehouse.gov/votehistory.php?KEY=26505,S.768,Homestead exemption,https://www.scstatehouse.gov/billsearch.php?billnumbers=768&session=126&headerfooter=0,6,https://scstatehouse.gov/amendments.php?KEY=33964,Table Amendment #6,Nay,Passed
[S]-494,2026-02-18T16:39:00.000-05:00,https://www.scstatehouse.gov/votehistory.php?KEY=26506,S.768,Homestead exemption,https://www.scstatehouse.gov/billsearch.php?billnumbers=768&session=126&headerfooter=0,,,2nd Reading,Aye,Passed
[S]-496,2026-02-19T11:50:00.000-05:00,https://www.scstatehouse.gov/votehistory.php?KEY=26515,S.768,Homestead exemption,https://www.scstatehouse.gov/billsearch.php?billnumbers=768&session=126&headerfooter=0,,,3rd Reading,Aye,Passed
[S]-497,2026-02-19T11:57:00.000-05:00,https://www.scstatehouse.gov/votehistory.php?KEY=26516,S.787,Bridge Loans,https://www.scstatehouse.gov/billsearch.php?billnumbers=787&session=126&headerfooter=0,,,2nd Reading,Aye,Passed
[S]-499,2026-02-24T13:10:00.000-05:00,https://www.scstatehouse.gov/votehistory.php?KEY=26523,S.420,Investment of Funds by Political Subdivisions,https://www.scstatehouse.gov/billsearch.php?billnumbers=420&session=126&headerfooter=0,,,2nd Reading,Aye,Passed
[S]-500,2026-02-24T13:16:00.000-05:00,https://www.scstatehouse.gov/votehistory.php?KEY=26524,S.723,CSAM penalties,https://www.scstatehouse.gov/billsearch.php?billnumbers=723&session=126&headerfooter=0,,,2nd Reading,Aye,Passed
[S]-501,2026-02-24T13:29:00.000-05:00,https://www.scstatehouse.gov/votehistory.php?KEY=26525,S.853,Abandoned Buildings Tax Credit,https://www.scstatehouse.gov/billsearch.php?billnumbers=853&session=126&headerfooter=0,,,2nd Reading,Aye,Passed
[S]-502,2026-02-24T13:40:00.000-05:00,https://www.scstatehouse.gov/votehistory.php?KEY=26527,S.70,School Board Ethics,https://www.scstatehouse.gov/billsearch.php?billnumbers=70&session=126&headerfooter=0,,,3rd Reading,Nay,Passed
[S]-503,2026-02-24T13:52:00.000-05:00,https://www.scstatehouse.gov/votehistory.php?KEY=26533,S.477,Pharmacy access,https://www.scstatehouse.gov/billsearch.php?billnumbers=477&session=126&headerfooter=0,,,concur,Aye,Failed
[S]-504,2026-02-24T14:27:00.000-05:00,https://www.scstatehouse.gov/votehistory.php?KEY=26538,H.4216,Income tax,https://www.scstatehouse.gov/billsearch.php?billnumbers=4216&session=126&headerfooter=0,,,2nd Reading,Aye,Passed
[S]-506,2026-02-25T14:39:00.000-05:00,https://www.scstatehouse.gov/votehistory.php?KEY=26541,S.853,Abandoned Buildings Tax Credit,https://www.scstatehouse.gov/billsearch.php?billnumbers=853&session=126&headerfooter=0,1,https://scstatehouse.gov/amendments.php?KEY=33993,allow amendment on third reading Amendment #1,Aye,Passed
[S]-507,2026-02-25T16:48:00.000-05:00,https://www.scstatehouse.gov/votehistory.php?KEY=26557,S.325,Consumer Affairs,https://www.scstatehouse.gov/billsearch.php?billnumbers=325&session=126&headerfooter=0,,,2nd Reading,Aye,Passed
[S]-508,2026-02-25T17:00:00.000-05:00,https://www.scstatehouse.gov/votehistory.php?KEY=26565,H.3223,Telehealth for Veterinary Services,https://www.scstatehouse.gov/billsearch.php?billnumbers=3223&session=126&headerfooter=0,,,2nd Reading,Aye,Passed
[S]-509,2026-02-25T17:04:00.000-05:00,https://www.scstatehouse.gov/votehistory.php?KEY=26568,H.3254,Physician licensure,https://www.scstatehouse.gov/billsearch.php?billnumbers=3254&session=126&headerfooter=0,,,2nd Reading,Aye,Passed
[S]-510,2026-02-25T17:13:00.000-05:00,https://www.scstatehouse.gov/votehistory.php?KEY=26569,H.4343,Human trafficking awareness and prevention training,https://www.scstatehouse.gov/billsearch.php?billnumbers=4343&session=126&headerfooter=0,,,2nd Reading,Aye,Passed
[S]-511,2026-02-25T17:24:00.000-05:00,https://www.scstatehouse.gov/votehistory.php?KEY=26570,S.853,Abandoned Buildings Tax Credit,https://www.scstatehouse.gov/billsearch.php?billnumbers=853&session=126&headerfooter=0,2,https://scstatehouse.gov/amendments.php?KEY=34020,Table Amendment #2,Nay,Passed
[S]-512,2026-02-25T17:38:00.000-05:00,https://www.scstatehouse.gov/votehistory.php?KEY=26572,S.853,Abandoned Buildings Tax Credit,https://www.scstatehouse.gov/billsearch.php?billnumbers=853&session=126&headerfooter=0,,,3rd Reading,Nay,Passed
[S]-514,2026-02-26T11:36:00.000-05:00,https://www.scstatehouse.gov/votehistory.php?KEY=26580,H.4342,"Dental and veterinary school faculty, restricted licenses",https://www.scstatehouse.gov/billsearch.php?billnumbers=4342&session=126&headerfooter=0,,,2nd Reading,Aye,Passed
[S]-515,2026-02-26T11:46:00.000-05:00,https://www.scstatehouse.gov/votehistory.php?KEY=26581,S.819,Nursing Homes TB Tests,https://www.scstatehouse.gov/billsearch.php?billnumbers=819&session=126&headerfooter=0,,,2nd Reading,Aye,Passed
[S]-519,2026-03-03T12:51:00.000-05:00,https://www.scstatehouse.gov/votehistory.php?KEY=26589, ,Sense of the Senate,https://www.scstatehouse.gov/billsearch.php?billnumbers=undefined&session=126&headerfooter=0,,,,Aye,Passed
[S]-525,2026-03-03T13:25:00.000-05:00,https://www.scstatehouse.gov/votehistory.php?KEY=26597,S.694,Polling Places in Aiken County,https://www.scstatehouse.gov/billsearch.php?billnumbers=694&session=126&headerfooter=0,,,2nd Reading,Aye,Passed
[S]-526,2026-03-03T13:42:00.000-05:00,https://www.scstatehouse.gov/votehistory.php?KEY=26598,S.715,Solicitation of Charitable Funds,https://www.scstatehouse.gov/billsearch.php?billnumbers=715&session=126&headerfooter=0,,,2nd Reading,Aye,Passed
[S]-537,2026-03-04T14:47:00.000-05:00,https://www.scstatehouse.gov/votehistory.php?KEY=26689,S.832,University Campus Events Zoning,https://www.scstatehouse.gov/billsearch.php?billnumbers=832&session=126&headerfooter=0,,,2nd Reading,Aye,Passed
[S]-538,2026-03-04T15:22:00.000-05:00,https://www.scstatehouse.gov/votehistory.php?KEY=26690,S.751,Prohibition of sale of nitrous oxide to minors,https://www.scstatehouse.gov/billsearch.php?billnumbers=751&session=126&headerfooter=0,,,2nd Reading,Aye,Passed
[S]-539,2026-03-04T15:30:00.000-05:00,https://www.scstatehouse.gov/votehistory.php?KEY=26699,H.5261,Alcohol Server Training,https://www.scstatehouse.gov/billsearch.php?billnumbers=5261&session=126&headerfooter=0,,,2nd Reading,Aye,Passed
[S]-540,2026-03-04T17:14:00.000-05:00,https://www.scstatehouse.gov/votehistory.php?KEY=26711,H.3858,Taxation on boats,https://www.scstatehouse.gov/billsearch.php?billnumbers=3858&session=126&headerfooter=0,,,Table,Aye,Passed
[S]-541,2026-03-04T17:18:00.000-05:00,https://www.scstatehouse.gov/votehistory.php?KEY=26712,H.3858,Taxation on boats,https://www.scstatehouse.gov/billsearch.php?billnumbers=3858&session=126&headerfooter=0,,,2nd Reading,Aye,Passed
[S]-543,2026-03-05T12:05:00.000-05:00,https://www.scstatehouse.gov/votehistory.php?KEY=26726,H.3585,Employee leave for school functions,https://www.scstatehouse.gov/billsearch.php?billnumbers=3585&session=126&headerfooter=0,,,3rd Reading,Aye,Passed
[S]-546,2026-03-11T13:39:00.000-04:00,https://www.scstatehouse.gov/votehistory.php?KEY=26981,S.183,Drug Induced Homicide,https://www.scstatehouse.gov/billsearch.php?billnumbers=183&session=126&headerfooter=0,,,3rd Reading,Aye,Passed
[S]-547,2026-03-11T15:53:00.000-04:00,https://www.scstatehouse.gov/votehistory.php?KEY=26985,H.3924,Hemp-derived ingestible,https://www.scstatehouse.gov/billsearch.php?billnumbers=3924&session=126&headerfooter=0,1A,https://scstatehouse.gov/amendments.php?KEY=34156,Adopt Amendment #1A,Aye,Failed
[S]-548,2026-03-11T16:07:00.000-04:00,https://www.scstatehouse.gov/votehistory.php?KEY=26986, ,to adjourn,https://www.scstatehouse.gov/billsearch.php?billnumbers=undefined&session=126&headerfooter=0,,,,Aye,Failed
[S]-549,2026-03-11T17:22:00.000-04:00,https://www.scstatehouse.gov/votehistory.php?KEY=26987,H.3924,Hemp-derived ingestible,https://www.scstatehouse.gov/billsearch.php?billnumbers=3924&session=126&headerfooter=0,Agriculture & Natural Resources Committee Amendment,https://scstatehouse.gov/amendments.php?KEY=34087,Adopt Agriculture & Natural Resources Committee Amendment,Nay,Passed
[S]-550,2026-03-11T17:48:00.000-04:00,https://www.scstatehouse.gov/votehistory.php?KEY=26988,H.3924,Hemp-derived ingestible,https://www.scstatehouse.gov/billsearch.php?billnumbers=3924&session=126&headerfooter=0,2B,https://scstatehouse.gov/amendments.php?KEY=34157,Adopt Amendment #2B,Aye,Passed
[S]-552,2026-03-12T13:47:00.000-04:00,https://www.scstatehouse.gov/votehistory.php?KEY=26990,H.3924,Hemp-derived ingestible,https://www.scstatehouse.gov/billsearch.php?billnumbers=3924&session=126&headerfooter=0,7A,https://scstatehouse.gov/amendments.php?KEY=34161,Table Amendment #7A,Nay,Passed
[S]-554,2026-03-17T12:49:00.000-04:00,https://www.scstatehouse.gov/votehistory.php?KEY=26992,S.504,Distribution of controlled substance within proximity,https://www.scstatehouse.gov/billsearch.php?billnumbers=504&session=126&headerfooter=0,,,2nd Reading,Aye,Passed
[S]-555,2026-03-17T13:01:00.000-04:00,https://www.scstatehouse.gov/votehistory.php?KEY=26994,S.808,Interference with workers providing critical services,https://www.scstatehouse.gov/billsearch.php?billnumbers=808&session=126&headerfooter=0,,,2nd Reading,Nay,Passed
[S]-556,2026-03-17T13:15:00.000-04:00,https://www.scstatehouse.gov/votehistory.php?KEY=26995,S.823,Child Welfare,https://www.scstatehouse.gov/billsearch.php?billnumbers=823&session=126&headerfooter=0,,,2nd Reading,Aye,Passed
[S]-557,2026-03-17T13:18:00.000-04:00,https://www.scstatehouse.gov/votehistory.php?KEY=26996,S.922,Appointments,https://www.scstatehouse.gov/billsearch.php?billnumbers=922&session=126&headerfooter=0,,,2nd Reading,Aye,Passed
[S]-558,2026-03-17T13:32:00.000-04:00,https://www.scstatehouse.gov/votehistory.php?KEY=26998,S.961,Red Drum,https://www.scstatehouse.gov/billsearch.php?billnumbers=961&session=126&headerfooter=0,,,2nd Reading,Aye,Passed
[S]-559,2026-03-17T13:48:00.000-04:00,https://www.scstatehouse.gov/votehistory.php?KEY=26999,H.3629,Forestry Commission,https://www.scstatehouse.gov/billsearch.php?billnumbers=3629&session=126&headerfooter=0,,,2nd Reading,Aye,Passed
[S]-560,2026-03-17T13:51:00.000-04:00,https://www.scstatehouse.gov/votehistory.php?KEY=27000,H.3831,Smart Heart Act,https://www.scstatehouse.gov/billsearch.php?billnumbers=3831&session=126&headerfooter=0,,,2nd Reading,Aye,Passed
[S]-562,2026-03-18T14:57:00.000-04:00,https://www.scstatehouse.gov/votehistory.php?KEY=27004,H.3924,Hemp-derived ingestible,https://www.scstatehouse.gov/billsearch.php?billnumbers=3924&session=126&headerfooter=0,4A,https://scstatehouse.gov/amendments.php?KEY=34160,Table Amendment #4A,Aye,Passed
[S]-563,2026-03-18T16:13:00.000-04:00,https://www.scstatehouse.gov/votehistory.php?KEY=27005,H.3924,Hemp-derived ingestible,https://www.scstatehouse.gov/billsearch.php?billnumbers=3924&session=126&headerfooter=0,12A,https://scstatehouse.gov/amendments.php?KEY=34177,Table Amendment #12A,Nay,Failed
[S]-564,2026-03-18T16:55:00.000-04:00,https://www.scstatehouse.gov/votehistory.php?KEY=27006,H.3924,Hemp-derived ingestible,https://www.scstatehouse.gov/billsearch.php?billnumbers=3924&session=126&headerfooter=0,18,https://scstatehouse.gov/amendments.php?KEY=34183,Table Amendment #18,Nay,Failed
[S]-565,2026-03-18T18:29:00.000-04:00,https://www.scstatehouse.gov/votehistory.php?KEY=27009,H.3924,Hemp-derived ingestible,https://www.scstatehouse.gov/billsearch.php?billnumbers=3924&session=126&headerfooter=0,20,https://scstatehouse.gov/amendments.php?KEY=34185,Table Amendment #20,Nay,Passed
[S]-567,2026-03-18T21:19:00.000-04:00,https://www.scstatehouse.gov/votehistory.php?KEY=27011,H.3924,Hemp-derived ingestible,https://www.scstatehouse.gov/billsearch.php?billnumbers=3924&session=126&headerfooter=0,25A,https://scstatehouse.gov/amendments.php?KEY=34190,Adopt Amendment #25A,Aye,Passed
[S]-569,2026-03-18T23:48:00.000-04:00,https://www.scstatehouse.gov/votehistory.php?KEY=27013,H.3924,Hemp-derived ingestible,https://www.scstatehouse.gov/billsearch.php?billnumbers=3924&session=126&headerfooter=0,32,https://scstatehouse.gov/amendments.php?KEY=34194,Adopt Amendment #32,Aye,Passed
[S]-570,2026-03-19T00:10:00.000-04:00,https://www.scstatehouse.gov/votehistory.php?KEY=27015,H.3924,Hemp-derived ingestible,https://www.scstatehouse.gov/billsearch.php?billnumbers=3924&session=126&headerfooter=0,,,2nd Reading,Nay,Failed
[S]-572,2026-03-19T13:29:00.000-04:00,https://www.scstatehouse.gov/votehistory.php?KEY=27019,S.831,SCDOT Modernization,https://www.scstatehouse.gov/billsearch.php?billnumbers=831&session=126&headerfooter=0,,,3rd Reading,Nay,Passed
[S]-573,2026-03-19T13:40:00.000-04:00,https://www.scstatehouse.gov/votehistory.php?KEY=27020,S.829,Joint System Governance,https://www.scstatehouse.gov/billsearch.php?billnumbers=829&session=126&headerfooter=0,,,3rd Reading,Aye,Passed
[S]-574,2026-03-19T16:32:00.000-04:00,https://www.scstatehouse.gov/votehistory.php?KEY=27022,H.3924,Hemp-derived ingestible,https://www.scstatehouse.gov/billsearch.php?billnumbers=3924&session=126&headerfooter=0,33,https://scstatehouse.gov/amendments.php?KEY=34198,Adopt Amendment #33,Nay,Passed
[S]-575,2026-03-19T16:41:00.000-04:00,https://www.scstatehouse.gov/votehistory.php?KEY=27023,H.3924,Hemp-derived ingestible,https://www.scstatehouse.gov/billsearch.php?billnumbers=3924&session=126&headerfooter=0,,,Table,Aye,Passed
[S]-576,2026-03-19T16:58:00.000-04:00,https://www.scstatehouse.gov/votehistory.php?KEY=27024,H.3924,Hemp-derived ingestible,https://www.scstatehouse.gov/billsearch.php?billnumbers=3924&session=126&headerfooter=0,,,2nd Reading,Nay,Passed
[S]-578,2026-03-24T12:39:00.000-04:00,https://www.scstatehouse.gov/votehistory.php?KEY=27027,S.823,Child Welfare,https://www.scstatehouse.gov/billsearch.php?billnumbers=823&session=126&headerfooter=0,,,3rd Reading,Aye,Passed
[S]-579,2026-03-24T14:47:00.000-04:00,https://www.scstatehouse.gov/votehistory.php?KEY=27032,S.922,Appointments,https://www.scstatehouse.gov/billsearch.php?billnumbers=922&session=126&headerfooter=0,4,https://scstatehouse.gov/amendments.php?KEY=34202,Table Amendment #4,Aye,Passed
[S]-580,2026-03-24T15:05:00.000-04:00,https://www.scstatehouse.gov/votehistory.php?KEY=27033,S.922,Appointments,https://www.scstatehouse.gov/billsearch.php?billnumbers=922&session=126&headerfooter=0,,,3rd Reading,Aye,Passed
[S]-581,2026-03-24T15:31:00.000-04:00,https://www.scstatehouse.gov/votehistory.php?KEY=27034,H.3924,Hemp-derived ingestible,https://www.scstatehouse.gov/billsearch.php?billnumbers=3924&session=126&headerfooter=0,,,consider amendment 39 on 3rd reading,Nay,Failed
[S]-582,2026-03-24T16:49:00.000-04:00,https://www.scstatehouse.gov/votehistory.php?KEY=27038,H.3924,Hemp-derived ingestible,https://www.scstatehouse.gov/billsearch.php?billnumbers=3924&session=126&headerfooter=0,,,take up amendment 41 on third reading,Nay,Failed
[S]-583,2026-03-24T16:54:00.000-04:00,https://www.scstatehouse.gov/votehistory.php?KEY=27039,H.3924,Hemp-derived ingestible,https://www.scstatehouse.gov/billsearch.php?billnumbers=3924&session=126&headerfooter=0,,,take up amendment 42 on third reading,Nay,Failed
[S]-584,2026-03-24T16:59:00.000-04:00,https://www.scstatehouse.gov/votehistory.php?KEY=27040,H.3924,Hemp-derived ingestible,https://www.scstatehouse.gov/billsearch.php?billnumbers=3924&session=126&headerfooter=0,,,3rd Reading,Nay,Passed
[S]-585,2026-03-24T17:08:00.000-04:00,https://www.scstatehouse.gov/votehistory.php?KEY=27042, ,Vary order of the day and return to motion period,https://www.scstatehouse.gov/billsearch.php?billnumbers=undefined&session=126&headerfooter=0,,,,Aye,Passed
[S]-587,2026-03-25T14:07:00.000-04:00,https://www.scstatehouse.gov/votehistory.php?KEY=27056,S.428,Fraudulent Check Expungement,https://www.scstatehouse.gov/billsearch.php?billnumbers=428&session=126&headerfooter=0,,,2nd Reading,Aye,Passed
[S]-588,2026-03-25T14:18:00.000-04:00,https://www.scstatehouse.gov/votehistory.php?KEY=27057,S.808,Interference with workers providing critical services,https://www.scstatehouse.gov/billsearch.php?billnumbers=808&session=126&headerfooter=0,,,3rd Reading,Nay,Passed
[S]-589,2026-03-25T14:28:00.000-04:00,https://www.scstatehouse.gov/votehistory.php?KEY=27059,S.711,School Guard Requirements,https://www.scstatehouse.gov/billsearch.php?billnumbers=711&session=126&headerfooter=0,,,2nd Reading,Nay,Passed
[S]-590,2026-03-25T14:41:00.000-04:00,https://www.scstatehouse.gov/votehistory.php?KEY=27064,S.688,DEW UI Tax Code,https://www.scstatehouse.gov/billsearch.php?billnumbers=688&session=126&headerfooter=0,,,2nd Reading,Aye,Passed
[S]-591,2026-03-25T14:42:00.000-04:00,https://www.scstatehouse.gov/votehistory.php?KEY=27066,S.830,Automobile Insurance Issuance,https://www.scstatehouse.gov/billsearch.php?billnumbers=830&session=126&headerfooter=0,,,2nd Reading,Aye,Passed
[S]-592,2026-03-25T14:44:00.000-04:00,https://www.scstatehouse.gov/votehistory.php?KEY=27067,S.851,Protection from Financial Exploitation,https://www.scstatehouse.gov/billsearch.php?billnumbers=851&session=126&headerfooter=0,,,2nd Reading,Aye,Passed
[S]-593,2026-03-25T14:45:00.000-04:00,https://www.scstatehouse.gov/votehistory.php?KEY=27068,S.996,Fingerprint Background Checks Update,https://www.scstatehouse.gov/billsearch.php?billnumbers=996&session=126&headerfooter=0,,,2nd Reading,Aye,Passed
[S]-594,2026-03-25T14:47:00.000-04:00,https://www.scstatehouse.gov/votehistory.php?KEY=27069,S.1011,Barnwell National Guard Armory,https://www.scstatehouse.gov/billsearch.php?billnumbers=1011&session=126&headerfooter=0,,,2nd Reading,Aye,Passed
[S]-595,2026-03-25T14:48:00.000-04:00,https://www.scstatehouse.gov/votehistory.php?KEY=27070,H.5089,Beaufort County voting precincts,https://www.scstatehouse.gov/billsearch.php?billnumbers=5089&session=126&headerfooter=0,,,2nd Reading,Aye,Passed
[S]-596,2026-03-25T14:49:00.000-04:00,https://www.scstatehouse.gov/votehistory.php?KEY=27071,H.3514,Flags,https://www.scstatehouse.gov/billsearch.php?billnumbers=3514&session=126&headerfooter=0,,,2nd Reading,Aye,Passed
[S]-597,2026-03-25T15:13:00.000-04:00,https://www.scstatehouse.gov/votehistory.php?KEY=27072,S.862,Involuntary Commitment,https://www.scstatehouse.gov/billsearch.php?billnumbers=862&session=126&headerfooter=0,,,2nd Reading,Aye,Passed
[S]-598,2026-03-25T15:17:00.000-04:00,https://www.scstatehouse.gov/votehistory.php?KEY=27073,S.895,Rural Emergency Hospitals,https://www.scstatehouse.gov/billsearch.php?billnumbers=895&session=126&headerfooter=0,,,2nd Reading,Aye,Passed
[S]-599,2026-03-25T15:21:00.000-04:00,https://www.scstatehouse.gov/votehistory.php?KEY=27074,H.3967,Bioenergy; Forest Products,https://www.scstatehouse.gov/billsearch.php?billnumbers=3967&session=126&headerfooter=0,,,2nd Reading,Aye,Passed
[S]-600,2026-03-25T15:29:00.000-04:00,https://www.scstatehouse.gov/votehistory.php?KEY=27075,S.583,Board of Funeral Services continuing education requirements,https://www.scstatehouse.gov/billsearch.php?billnumbers=583&session=126&headerfooter=0,,,concur,Aye,Passed
[S]-601,2026-03-25T18:24:00.000-04:00,https://www.scstatehouse.gov/votehistory.php?KEY=27077,H.4756,South Carolina Student Physical Privacy Act,https://www.scstatehouse.gov/billsearch.php?billnumbers=4756&session=126&headerfooter=0,,,2nd Reading,Aye,Passed
[S]-603,2026-03-26T12:35:00.000-04:00,https://www.scstatehouse.gov/votehistory.php?KEY=27081,H.4763,Helping Alleviate Lawful Obstruction HALO Act,https://www.scstatehouse.gov/billsearch.php?billnumbers=4763&session=126&headerfooter=0,,,2nd Reading,Abstain,Passed
[S]-604,2026-03-26T13:05:00.000-04:00,https://www.scstatehouse.gov/votehistory.php?KEY=27095,H.3856,Department of Motor Vehicles,https://www.scstatehouse.gov/billsearch.php?billnumbers=3856&session=126&headerfooter=0,,,2nd Reading,Aye,Passed
[S]-605,2026-03-26T13:15:00.000-04:00,https://www.scstatehouse.gov/votehistory.php?KEY=27096,S.894,Death Certificate Filing Deadline Exception,https://www.scstatehouse.gov/billsearch.php?billnumbers=894&session=126&headerfooter=0,,,2nd Reading,Aye,Passed
[S]-606,2026-03-26T13:18:00.000-04:00,https://www.scstatehouse.gov/votehistory.php?KEY=27098,S.935,Seizures in the Workplace,https://www.scstatehouse.gov/billsearch.php?billnumbers=935&session=126&headerfooter=0,,,2nd Reading,Aye,Passed
[S]-607,2026-03-26T13:19:00.000-04:00,https://www.scstatehouse.gov/votehistory.php?KEY=27099,S.958,Hallway Beds,https://www.scstatehouse.gov/billsearch.php?billnumbers=958&session=126&headerfooter=0,,,2nd Reading,Aye,Passed
[S]-608,2026-03-26T13:22:00.000-04:00,https://www.scstatehouse.gov/votehistory.php?KEY=27100,H.3931,Coastal Tideland and Wetlands Permit Application,https://www.scstatehouse.gov/billsearch.php?billnumbers=3931&session=126&headerfooter=0,,,2nd Reading,Aye,Passed
[S]-609,2026-03-26T13:29:00.000-04:00,https://www.scstatehouse.gov/votehistory.php?KEY=27102,H.4756,South Carolina Student Physical Privacy Act,https://www.scstatehouse.gov/billsearch.php?billnumbers=4756&session=126&headerfooter=0,,,3rd Reading,Aye,Passed
[S]-611,2026-03-31T13:02:00.000-04:00,https://www.scstatehouse.gov/votehistory.php?KEY=27107,H.3557,Candidate filing,https://www.scstatehouse.gov/billsearch.php?billnumbers=3557&session=126&headerfooter=0,,,2nd Reading,Nay,Passed
[S]-612,2026-03-31T13:16:00.000-04:00,https://www.scstatehouse.gov/votehistory.php?KEY=27109,S.97,County Treasurer Qualifications,https://www.scstatehouse.gov/billsearch.php?billnumbers=97&session=126&headerfooter=0,,,2nd Reading,Nay,Passed
[S]-613,2026-03-31T13:18:00.000-04:00,https://www.scstatehouse.gov/votehistory.php?KEY=27110,S.98,County Auditor Qualifications,https://www.scstatehouse.gov/billsearch.php?billnumbers=98&session=126&headerfooter=0,,,2nd Reading,Nay,Passed
[S]-614,2026-03-31T13:37:00.000-04:00,https://www.scstatehouse.gov/votehistory.php?KEY=27113,S.682,Timber,https://www.scstatehouse.gov/billsearch.php?billnumbers=682&session=126&headerfooter=0,,,2nd Reading,Aye,Passed
[S]-615,2026-03-31T15:14:00.000-04:00,https://www.scstatehouse.gov/votehistory.php?KEY=27117,H.3368,Income tax on overtime pay,https://www.scstatehouse.gov/billsearch.php?billnumbers=3368&session=126&headerfooter=0,,,2nd Reading,Aye,Failed
[S]-616,2026-03-31T15:33:00.000-04:00,https://www.scstatehouse.gov/votehistory.php?KEY=27119,S.862,Involuntary Commitment,https://www.scstatehouse.gov/billsearch.php?billnumbers=862&session=126&headerfooter=0,,,3rd Reading,Aye,Passed
[S]-618,2026-04-01T14:01:00.000-04:00,https://www.scstatehouse.gov/votehistory.php?KEY=27137,S.688,DEW UI Tax Code,https://www.scstatehouse.gov/billsearch.php?billnumbers=688&session=126&headerfooter=0,,,3rd Reading,Aye,Passed
[S]-619,2026-04-01T14:18:00.000-04:00,https://www.scstatehouse.gov/votehistory.php?KEY=27138,H.3974,Private Providers,https://www.scstatehouse.gov/billsearch.php?billnumbers=3974&session=126&headerfooter=0,,,2nd Reading,Aye,Passed
[S]-620,2026-04-01T14:22:00.000-04:00,https://www.scstatehouse.gov/votehistory.php?KEY=27140,H.3768,Highway system construction,https://www.scstatehouse.gov/billsearch.php?billnumbers=3768&session=126&headerfooter=0,,,2nd Reading,Aye,Passed
[S]-621,2026-04-01T14:37:00.000-04:00,https://www.scstatehouse.gov/votehistory.php?KEY=27141,S.893,SUPERB Law,https://www.scstatehouse.gov/billsearch.php?billnumbers=893&session=126&headerfooter=0,,,2nd Reading,Nay,Passed
[S]-622,2026-04-01T14:41:00.000-04:00,https://www.scstatehouse.gov/votehistory.php?KEY=27143,S.863,Culinary Arts Management Degree,https://www.scstatehouse.gov/billsearch.php?billnumbers=863&session=126&headerfooter=0,,,2nd Reading,Nay,Passed
[S]-623,2026-04-01T14:47:00.000-04:00,https://www.scstatehouse.gov/votehistory.php?KEY=27144,S.812,Stop-as-Yield Law,https://www.scstatehouse.gov/billsearch.php?billnumbers=812&session=126&headerfooter=0,,,2nd Reading,Nay,Passed
[S]-624,2026-04-01T15:08:00.000-04:00,https://www.scstatehouse.gov/votehistory.php?KEY=27145,S.866,Municipal Tax Relief Act,https://www.scstatehouse.gov/billsearch.php?billnumbers=866&session=126&headerfooter=0,,,2nd Reading,Nay,Passed
[S]-625,2026-04-01T15:34:00.000-04:00,https://www.scstatehouse.gov/votehistory.php?KEY=27146,H.3556,Political parties and primaries,https://www.scstatehouse.gov/billsearch.php?billnumbers=3556&session=126&headerfooter=0,,,2nd Reading,Nay,Passed
[S]-626,2026-04-01T16:54:00.000-04:00,https://www.scstatehouse.gov/votehistory.php?KEY=27155,H.4902,"Intercollegiate Athletes' Compensation for Name, Image, or Likeness",https://www.scstatehouse.gov/billsearch.php?billnumbers=4902&session=126&headerfooter=0,,,override the veto,Nay,Passed
[S]-627,2026-04-01T17:07:00.000-04:00,https://www.scstatehouse.gov/votehistory.php?KEY=27158,S.146,"Senator Roger A. Nutt Act, resident's rights in long-term care",https://www.scstatehouse.gov/billsearch.php?billnumbers=146&session=126&headerfooter=0,,,concur,Aye,Passed
[S]-628,2026-04-01T17:11:00.000-04:00,https://www.scstatehouse.gov/votehistory.php?KEY=27159,S.694,Polling Places in Aiken County,https://www.scstatehouse.gov/billsearch.php?billnumbers=694&session=126&headerfooter=0,,,concur,Aye,Passed
[J]-26,2026-04-15T13:11:00.000-04:00,https://www.scstatehouse.gov/votehistory.php?KEY=27198, ,"SC State University At large, Seat 2 Reject slate ",https://www.scstatehouse.gov/billsearch.php?billnumbers=undefined&session=126&headerfooter=0,,,,Aye,Failed
[S]-631,2026-04-15T15:25:00.000-04:00,https://www.scstatehouse.gov/votehistory.php?KEY=27206,H.3650,Discharging firearms into dwellings and other structures,https://www.scstatehouse.gov/billsearch.php?billnumbers=3650&session=126&headerfooter=0,,,2nd Reading,Aye,Passed
[S]-632,2026-04-15T15:41:00.000-04:00,https://www.scstatehouse.gov/votehistory.php?KEY=27207,S.1038,Religious Liberty Day,https://www.scstatehouse.gov/billsearch.php?billnumbers=1038&session=126&headerfooter=0,,,2nd Reading,Aye,Passed
[S]-633,2026-04-15T15:45:00.000-04:00,https://www.scstatehouse.gov/votehistory.php?KEY=27208,H.5284,County Register of Deeds,https://www.scstatehouse.gov/billsearch.php?billnumbers=5284&session=126&headerfooter=0,,,2nd Reading,Aye,Passed
[S]-634,2026-04-15T15:48:00.000-04:00,https://www.scstatehouse.gov/votehistory.php?KEY=27209,S.765,Dues for SC Wildlife Law Enforcement Officers Association,https://www.scstatehouse.gov/billsearch.php?billnumbers=765&session=126&headerfooter=0,,,2nd Reading,Aye,Passed
[S]-635,2026-04-15T15:50:00.000-04:00,https://www.scstatehouse.gov/votehistory.php?KEY=27212,S.879,Master-in-EquityTerms of Office,https://www.scstatehouse.gov/billsearch.php?billnumbers=879&session=126&headerfooter=0,,,2nd Reading,Aye,Passed
[S]-636,2026-04-15T15:52:00.000-04:00,https://www.scstatehouse.gov/votehistory.php?KEY=27214,S.915,Medicaid Provider and Recipient Fraud,https://www.scstatehouse.gov/billsearch.php?billnumbers=915&session=126&headerfooter=0,,,2nd Reading,Aye,Passed
[S]-637,2026-04-15T16:48:00.000-04:00,https://www.scstatehouse.gov/votehistory.php?KEY=27229,S.508,Monument and Memorial Protection,https://www.scstatehouse.gov/billsearch.php?billnumbers=508&session=126&headerfooter=0,15,https://scstatehouse.gov/amendments.php?KEY=34336,Table Amendment #15,Aye,Passed
[S]-638,2026-04-15T17:00:00.000-04:00,https://www.scstatehouse.gov/votehistory.php?KEY=27230,S.508,Monument and Memorial Protection,https://www.scstatehouse.gov/billsearch.php?billnumbers=508&session=126&headerfooter=0,16,https://scstatehouse.gov/amendments.php?KEY=34338,Table Amendment #16,Aye,Passed
[S]-639,2026-04-15T17:34:00.000-04:00,https://www.scstatehouse.gov/votehistory.php?KEY=27232,S.508,Monument and Memorial Protection,https://www.scstatehouse.gov/billsearch.php?billnumbers=508&session=126&headerfooter=0,,,3rd Reading,Aye,Passed
[S]-641,2026-04-16T11:42:00.000-04:00,https://www.scstatehouse.gov/votehistory.php?KEY=27238,S.385,"Women's Childbirth Alternatives, Resources, and Education Act",https://www.scstatehouse.gov/billsearch.php?billnumbers=385&session=126&headerfooter=0,,,2nd Reading,Nay,Passed
[S]-642,2026-04-16T12:26:00.000-04:00,https://www.scstatehouse.gov/votehistory.php?KEY=27240,S.903,HOA Change,https://www.scstatehouse.gov/billsearch.php?billnumbers=903&session=126&headerfooter=0,,,2nd Reading,Aye,Passed
[S]-643,2026-04-16T12:50:00.000-04:00,https://www.scstatehouse.gov/votehistory.php?KEY=27242,S.222,Utility terrain vehicle,https://www.scstatehouse.gov/billsearch.php?billnumbers=222&session=126&headerfooter=0,,,Adopt amendment 1B,Nay,Passed
[S]-644,2026-04-16T13:41:00.000-04:00,https://www.scstatehouse.gov/votehistory.php?KEY=27243,S.822,Deed Theft,https://www.scstatehouse.gov/billsearch.php?billnumbers=822&session=126&headerfooter=0,,,2nd Reading,Aye,Passed
[S]-775,2026-04-21T17:03:00.000-04:00,https://www.scstatehouse.gov/votehistory.php?KEY=27385,H.5126,Budget,https://www.scstatehouse.gov/billsearch.php?billnumbers=5126&session=126&headerfooter=0,,,"Adopt amendment No, 4",Nay,Passed
[S]-777,2026-04-22T10:43:00.000-04:00,https://www.scstatehouse.gov/votehistory.php?KEY=27387,H.5126,Budget,https://www.scstatehouse.gov/billsearch.php?billnumbers=5126&session=126&headerfooter=0,24,https://scstatehouse.gov/amendments.php?KEY=34375,Adopt Amendment #24,Aye,Passed
[S]-779,2026-04-22T18:46:00.000-04:00,https://www.scstatehouse.gov/votehistory.php?KEY=27402,H.5126,Budget,https://www.scstatehouse.gov/billsearch.php?billnumbers=5126&session=126&headerfooter=0,52,https://scstatehouse.gov/amendments.php?KEY=34448,Table Amendment #52,Nay,Passed
[S]-780,2026-04-22T19:36:00.000-04:00,https://www.scstatehouse.gov/votehistory.php?KEY=27404,H.5126,Budget,https://www.scstatehouse.gov/billsearch.php?billnumbers=5126&session=126&headerfooter=0,42,https://scstatehouse.gov/amendments.php?KEY=34451,Table Amendment #42,Aye,Passed
[S]-782,2026-04-23T12:16:00.000-04:00,https://www.scstatehouse.gov/votehistory.php?KEY=27420,H.5126,Budget,https://www.scstatehouse.gov/billsearch.php?billnumbers=5126&session=126&headerfooter=0,38,https://scstatehouse.gov/amendments.php?KEY=34453,Adopt Amendment #38,Nay,Passed
[S]-645,2026-04-23T13:52:00.000-04:00,https://www.scstatehouse.gov/votehistory.php?KEY=27244,H.5126,Budget,https://www.scstatehouse.gov/billsearch.php?billnumbers=5126&session=126&headerfooter=0,,,"Adopt section 1 - EDUCATION, DEPARTMENT OF",Abstain,Passed
[S]-646,2026-04-23T13:52:00.000-04:00,https://www.scstatehouse.gov/votehistory.php?KEY=27245,H.5126,Budget,https://www.scstatehouse.gov/billsearch.php?billnumbers=5126&session=126&headerfooter=0,,,Adopt section 1A – DEPARTMENT OF EDUCATION - EIA,Abstain,Passed
[S]-647,2026-04-23T13:53:00.000-04:00,https://www.scstatehouse.gov/votehistory.php?KEY=27246,H.5126,Budget,https://www.scstatehouse.gov/billsearch.php?billnumbers=5126&session=126&headerfooter=0,,,"Adopt section 2 - FIRST STEPS, OFFICE OF",Abstain,Passed
[S]-648,2026-04-23T13:54:00.000-04:00,https://www.scstatehouse.gov/votehistory.php?KEY=27247,H.5126,Budget,https://www.scstatehouse.gov/billsearch.php?billnumbers=5126&session=126&headerfooter=0,,,Adopt section 3 - LOTTERY EXPENDITURE ACCOUNT,Nay,Passed
[S]-649,2026-04-23T13:55:00.000-04:00,https://www.scstatehouse.gov/votehistory.php?KEY=27248,H.5126,Budget,https://www.scstatehouse.gov/billsearch.php?billnumbers=5126&session=126&headerfooter=0,,,Adopt section 4 - EDUCATION OVERSIGHT COMMITTEE,Nay,Passed
[S]-650,2026-04-23T13:55:00.000-04:00,https://www.scstatehouse.gov/votehistory.php?KEY=27249,H.5126,Budget,https://www.scstatehouse.gov/billsearch.php?billnumbers=5126&session=126&headerfooter=0,,,Adopt section 5 - WIL LOU GRAY OPPORTUNITY SCHOOL,Nay,Passed
[S]-651,2026-04-23T13:56:00.000-04:00,https://www.scstatehouse.gov/votehistory.php?KEY=27250,H.5126,Budget,https://www.scstatehouse.gov/billsearch.php?billnumbers=5126&session=126&headerfooter=0,,,"Adopt section 6 - DEAF AND THE BLIND, SCHOOL FOR THE",Nay,Passed
[S]-653,2026-04-23T13:57:00.000-04:00,https://www.scstatehouse.gov/votehistory.php?KEY=27252,H.5126,Budget,https://www.scstatehouse.gov/billsearch.php?billnumbers=5126&session=126&headerfooter=0,,,Adopt section 8 - EDUCATIONAL TELEVISION COMMISSION,Abstain,Passed
[S]-652,2026-04-23T13:57:00.000-04:00,https://www.scstatehouse.gov/votehistory.php?KEY=27251,H.5126,Budget,https://www.scstatehouse.gov/billsearch.php?billnumbers=5126&session=126&headerfooter=0,,,Adopt section 7 - GOVERNOR'S SCHOOL FOR AGRICULTURE AT JOHN DE LA HOWE SCHOOL,Nay,Passed
[S]-654,2026-04-23T13:58:00.000-04:00,https://www.scstatehouse.gov/votehistory.php?KEY=27253,H.5126,Budget,https://www.scstatehouse.gov/billsearch.php?billnumbers=5126&session=126&headerfooter=0,,,Adopt section 9 - GOVERNOR'S SCHOOL FOR ARTS AND HUMANITIES,Nay,Passed
[S]-655,2026-04-23T13:59:00.000-04:00,https://www.scstatehouse.gov/votehistory.php?KEY=27254,H.5126,Budget,https://www.scstatehouse.gov/billsearch.php?billnumbers=5126&session=126&headerfooter=0,,,Adopt section 10 - GOVERNOR'S SCHOOL FOR SCIENCE AND MATHEMATICS,Nay,Passed
[S]-656,2026-04-23T13:59:00.000-04:00,https://www.scstatehouse.gov/votehistory.php?KEY=27255,H.5126,Budget,https://www.scstatehouse.gov/billsearch.php?billnumbers=5126&session=126&headerfooter=0,,,"Adopt section 11 - HIGHER EDUCATION, COMMISSION ON",Nay,Passed
[S]-657,2026-04-23T14:00:00.000-04:00,https://www.scstatehouse.gov/votehistory.php?KEY=27256,H.5126,Budget,https://www.scstatehouse.gov/billsearch.php?billnumbers=5126&session=126&headerfooter=0,,,Adopt section 12 - HIGHER EDUCATION TUITION GRANTS COMMISSION,Nay,Passed
[S]-658,2026-04-23T14:01:00.000-04:00,https://www.scstatehouse.gov/votehistory.php?KEY=27257,H.5126,Budget,https://www.scstatehouse.gov/billsearch.php?billnumbers=5126&session=126&headerfooter=0,,,"Adopt section 13 - CITADEL, THE",Nay,Passed
[S]-659,2026-04-23T14:01:00.000-04:00,https://www.scstatehouse.gov/votehistory.php?KEY=27258,H.5126,Budget,https://www.scstatehouse.gov/billsearch.php?billnumbers=5126&session=126&headerfooter=0,,,Adopt section 14 - CLEMSON UNIVERSITY,Abstain,Passed
[S]-660,2026-04-23T14:02:00.000-04:00,https://www.scstatehouse.gov/votehistory.php?KEY=27259,H.5126,Budget,https://www.scstatehouse.gov/billsearch.php?billnumbers=5126&session=126&headerfooter=0,,,"Adopt section 15 - CHARLESTON, UNIVERSITY OF",Nay,Passed
[S]-661,2026-04-23T14:02:00.000-04:00,https://www.scstatehouse.gov/votehistory.php?KEY=27260,H.5126,Budget,https://www.scstatehouse.gov/billsearch.php?billnumbers=5126&session=126&headerfooter=0,,,Adopt section 16 - COASTAL CAROLINA UNIVERSITY,Nay,Passed
[S]-663,2026-04-23T14:03:00.000-04:00,https://www.scstatehouse.gov/votehistory.php?KEY=27262,H.5126,Budget,https://www.scstatehouse.gov/billsearch.php?billnumbers=5126&session=126&headerfooter=0,,,Adopt section 18 - LANDER UNIVERSITY,Nay,Passed
[S]-662,2026-04-23T14:03:00.000-04:00,https://www.scstatehouse.gov/votehistory.php?KEY=27261,H.5126,Budget,https://www.scstatehouse.gov/billsearch.php?billnumbers=5126&session=126&headerfooter=0,,,Adopt section 17 - FRANCIS MARION UNIVERSITY,Nay,Passed
[S]-664,2026-04-23T14:04:00.000-04:00,https://www.scstatehouse.gov/votehistory.php?KEY=27263,H.5126,Budget,https://www.scstatehouse.gov/billsearch.php?billnumbers=5126&session=126&headerfooter=0,,,Adopt section 19 - SOUTH CAROLINA STATE UNIVERSITY,Abstain,Passed
[S]-665,2026-04-23T14:05:00.000-04:00,https://www.scstatehouse.gov/votehistory.php?KEY=27264,H.5126,Budget,https://www.scstatehouse.gov/billsearch.php?billnumbers=5126&session=126&headerfooter=0,,,Adopt section 20 – UNIVERSITY OF SOUTH CAROLINA,Abstain,Passed
[S]-666,2026-04-23T14:06:00.000-04:00,https://www.scstatehouse.gov/votehistory.php?KEY=27265,H.5126,Budget,https://www.scstatehouse.gov/billsearch.php?billnumbers=5126&session=126&headerfooter=0,,,Adopt section 21 - WINTHROP UNIVERSITY,Nay,Passed
[S]-667,2026-04-23T14:06:00.000-04:00,https://www.scstatehouse.gov/votehistory.php?KEY=27266,H.5126,Budget,https://www.scstatehouse.gov/billsearch.php?billnumbers=5126&session=126&headerfooter=0,,,Adopt section 23 - MEDICAL UNIVERSITY OF SOUTH CAROLINA,Nay,Passed
[S]-668,2026-04-23T14:07:00.000-04:00,https://www.scstatehouse.gov/votehistory.php?KEY=27267,H.5126,Budget,https://www.scstatehouse.gov/billsearch.php?billnumbers=5126&session=126&headerfooter=0,,,Adopt section 24 - AREA HEALTH EDUCATION CONSORTIUM,Nay,Passed
[S]-669,2026-04-23T14:07:00.000-04:00,https://www.scstatehouse.gov/votehistory.php?KEY=27268,H.5126,Budget,https://www.scstatehouse.gov/billsearch.php?billnumbers=5126&session=126&headerfooter=0,,,"Adopt section 25 - TECHNICAL AND COMPREHENSIVE EDUCATION, STATE BOARD FOR",Nay,Passed
[S]-670,2026-04-23T14:08:00.000-04:00,https://www.scstatehouse.gov/votehistory.php?KEY=27269,H.5126,Budget,https://www.scstatehouse.gov/billsearch.php?billnumbers=5126&session=126&headerfooter=0,,,"Adopt section 26 - ARCHIVES AND HISTORY, DEPARTMENT OF",Nay,Passed
[S]-671,2026-04-23T14:08:00.000-04:00,https://www.scstatehouse.gov/votehistory.php?KEY=27270,H.5126,Budget,https://www.scstatehouse.gov/billsearch.php?billnumbers=5126&session=126&headerfooter=0,,,"Adopt section 27 - LIBRARY, STATE",Nay,Passed
[S]-672,2026-04-23T14:09:00.000-04:00,https://www.scstatehouse.gov/votehistory.php?KEY=27271,H.5126,Budget,https://www.scstatehouse.gov/billsearch.php?billnumbers=5126&session=126&headerfooter=0,,,Adopt section 28 - ARTS COMMISSION,Nay,Passed
[S]-673,2026-04-23T14:09:00.000-04:00,https://www.scstatehouse.gov/votehistory.php?KEY=27272,H.5126,Budget,https://www.scstatehouse.gov/billsearch.php?billnumbers=5126&session=126&headerfooter=0,,,"Adopt section 29 - MUSEUM COMMISSION, STATE",Nay,Passed
[S]-674,2026-04-23T14:10:00.000-04:00,https://www.scstatehouse.gov/votehistory.php?KEY=27273,H.5126,Budget,https://www.scstatehouse.gov/billsearch.php?billnumbers=5126&session=126&headerfooter=0,,,Adopt section 30 - CONFEDERATE RELIC ROOM AND MILITARY MUSEUM COMMISSION,Nay,Passed
[S]-675,2026-04-23T14:11:00.000-04:00,https://www.scstatehouse.gov/votehistory.php?KEY=27274,H.5126,Budget,https://www.scstatehouse.gov/billsearch.php?billnumbers=5126&session=126&headerfooter=0,,,"Adopt section 31 - PUBLIC HEALTH, DEPARTMENT OF",Nay,Passed
[S]-676,2026-04-23T14:11:00.000-04:00,https://www.scstatehouse.gov/votehistory.php?KEY=27275,H.5126,Budget,https://www.scstatehouse.gov/billsearch.php?billnumbers=5126&session=126&headerfooter=0,,,Adopt section 32 - VOCATIONAL REHABILITATION,Nay,Passed
[S]-677,2026-04-23T14:12:00.000-04:00,https://www.scstatehouse.gov/votehistory.php?KEY=27276,H.5126,Budget,https://www.scstatehouse.gov/billsearch.php?billnumbers=5126&session=126&headerfooter=0,,,"Adopt section 33 - HEALTH AND HUMAN SERVICES, DEPARTMENT OF",Nay,Passed
[S]-678,2026-04-23T14:13:00.000-04:00,https://www.scstatehouse.gov/votehistory.php?KEY=27277,H.5126,Budget,https://www.scstatehouse.gov/billsearch.php?billnumbers=5126&session=126&headerfooter=0,,,Adopt section 34- Behavioral Health and Develop. Disabilities,Nay,Passed
[S]-679,2026-04-23T14:13:00.000-04:00,https://www.scstatehouse.gov/votehistory.php?KEY=27278,H.5126,Budget,https://www.scstatehouse.gov/billsearch.php?billnumbers=5126&session=126&headerfooter=0,,,"Adopt section 38 - SOCIAL SERVICES, DEPARTMENT OF",Nay,Passed
[S]-680,2026-04-23T14:14:00.000-04:00,https://www.scstatehouse.gov/votehistory.php?KEY=27279,H.5126,Budget,https://www.scstatehouse.gov/billsearch.php?billnumbers=5126&session=126&headerfooter=0,,,"Adopt section 39 - BLIND, COMMISSION FOR THE",Nay,Passed
[S]-682,2026-04-23T14:15:00.000-04:00,https://www.scstatehouse.gov/votehistory.php?KEY=27281,H.5126,Budget,https://www.scstatehouse.gov/billsearch.php?billnumbers=5126&session=126&headerfooter=0,,,"Adopt section 41 - CHILDREN'S ADVOCACY, DEPARTMENT OF",Nay,Passed
[S]-681,2026-04-23T14:15:00.000-04:00,https://www.scstatehouse.gov/votehistory.php?KEY=27280,H.5126,Budget,https://www.scstatehouse.gov/billsearch.php?billnumbers=5126&session=126&headerfooter=0,,,"Adopt section 40 - AGING, DEPARTMENT ON",Nay,Passed
[S]-683,2026-04-23T14:16:00.000-04:00,https://www.scstatehouse.gov/votehistory.php?KEY=27282,H.5126,Budget,https://www.scstatehouse.gov/billsearch.php?billnumbers=5126&session=126&headerfooter=0,,,Adopt section 42 - HOUSING FINANCE AND DEVELOPMENT AUTHORITY,Nay,Passed
[S]-684,2026-04-23T14:16:00.000-04:00,https://www.scstatehouse.gov/votehistory.php?KEY=27283,H.5126,Budget,https://www.scstatehouse.gov/billsearch.php?billnumbers=5126&session=126&headerfooter=0,,,Adopt section 43 - FORESTRY COMMISSION,Nay,Passed
[S]-685,2026-04-23T14:17:00.000-04:00,https://www.scstatehouse.gov/votehistory.php?KEY=27284,H.5126,Budget,https://www.scstatehouse.gov/billsearch.php?billnumbers=5126&session=126&headerfooter=0,,,"Adopt section 44 - AGRICULTURE, DEPARTMENT OF",Nay,Passed
[S]-686,2026-04-23T14:17:00.000-04:00,https://www.scstatehouse.gov/votehistory.php?KEY=27285,H.5126,Budget,https://www.scstatehouse.gov/billsearch.php?billnumbers=5126&session=126&headerfooter=0,,,Adopt section 45 - CLEMSON UNIVERSITY,Nay,Passed
[S]-687,2026-04-23T14:17:00.000-04:00,https://www.scstatehouse.gov/votehistory.php?KEY=27286,H.5126,Budget,https://www.scstatehouse.gov/billsearch.php?billnumbers=5126&session=126&headerfooter=0,,,Adopt section 46 - SOUTH CAROLINA STATE UNIVERSITY,Nay,Passed
[S]-688,2026-04-23T14:18:00.000-04:00,https://www.scstatehouse.gov/votehistory.php?KEY=27287,H.5126,Budget,https://www.scstatehouse.gov/billsearch.php?billnumbers=5126&session=126&headerfooter=0,,,"Adopt section 47 - NATURAL RESOURCES, DEPARTMENT OF",Nay,Passed
[S]-689,2026-04-23T14:18:00.000-04:00,https://www.scstatehouse.gov/votehistory.php?KEY=27288,H.5126,Budget,https://www.scstatehouse.gov/billsearch.php?billnumbers=5126&session=126&headerfooter=0,,,Adopt section 48 - SEA GRANT CONSORTIUM,Nay,Passed
[S]-692,2026-04-23T14:19:00.000-04:00,https://www.scstatehouse.gov/votehistory.php?KEY=27291,H.5126,Budget,https://www.scstatehouse.gov/billsearch.php?billnumbers=5126&session=126&headerfooter=0,,,Adopt section 51 - JOBS-ECONOMIC DEVELOPMENT AUTHORITY,Nay,Passed
[S]-691,2026-04-23T14:19:00.000-04:00,https://www.scstatehouse.gov/votehistory.php?KEY=27290,H.5126,Budget,https://www.scstatehouse.gov/billsearch.php?billnumbers=5126&session=126&headerfooter=0,,,"Adopt section 50 - COMMERCE, DEPARTMENT OF",Nay,Passed
[S]-690,2026-04-23T14:19:00.000-04:00,https://www.scstatehouse.gov/votehistory.php?KEY=27289,H.5126,Budget,https://www.scstatehouse.gov/billsearch.php?billnumbers=5126&session=126&headerfooter=0,,,"Adopt section 49 - PARKS, RECREATION AND TOURISM, DEPARTMENT OF",Nay,Passed
[S]-694,2026-04-23T14:20:00.000-04:00,https://www.scstatehouse.gov/votehistory.php?KEY=27293,H.5126,Budget,https://www.scstatehouse.gov/billsearch.php?billnumbers=5126&session=126&headerfooter=0,,,"Adopt section 53 - CONSERVATION BANK, S. C.",Nay,Passed
[S]-693,2026-04-23T14:20:00.000-04:00,https://www.scstatehouse.gov/votehistory.php?KEY=27292,H.5126,Budget,https://www.scstatehouse.gov/billsearch.php?billnumbers=5126&session=126&headerfooter=0,,,Adopt section 52 - PATRIOTS POINT DEVELOPMENT AUTHORITY,Nay,Passed
[S]-697,2026-04-23T14:21:00.000-04:00,https://www.scstatehouse.gov/votehistory.php?KEY=27296,H.5126,Budget,https://www.scstatehouse.gov/billsearch.php?billnumbers=5126&session=126&headerfooter=0,,,Adopt section 57 - JUDICIAL DEPARTMENT,Nay,Passed
[S]-695,2026-04-23T14:21:00.000-04:00,https://www.scstatehouse.gov/votehistory.php?KEY=27294,H.5126,Budget,https://www.scstatehouse.gov/billsearch.php?billnumbers=5126&session=126&headerfooter=0,,,Adopt section 54 - RURAL INFRASTRUCTURE AUTHORITY,Nay,Passed
[S]-696,2026-04-23T14:21:00.000-04:00,https://www.scstatehouse.gov/votehistory.php?KEY=27295,H.5126,Budget,https://www.scstatehouse.gov/billsearch.php?billnumbers=5126&session=126&headerfooter=0,,,"Adopt section 55 - ENVIRONMENTAL SERVICES, DEPARTMENT OF",Nay,Passed
[S]-699,2026-04-23T14:22:00.000-04:00,https://www.scstatehouse.gov/votehistory.php?KEY=27298,H.5126,Budget,https://www.scstatehouse.gov/billsearch.php?billnumbers=5126&session=126&headerfooter=0,,,Adopt section 59 - ATTORNEY GENERAL'S OFFICE,Nay,Passed
[S]-698,2026-04-23T14:22:00.000-04:00,https://www.scstatehouse.gov/votehistory.php?KEY=27297,H.5126,Budget,https://www.scstatehouse.gov/billsearch.php?billnumbers=5126&session=126&headerfooter=0,,,Adopt section 58 - ADMINISTRATIVE LAW COURT,Nay,Passed
[S]-700,2026-04-23T14:22:00.000-04:00,https://www.scstatehouse.gov/votehistory.php?KEY=27299,H.5126,Budget,https://www.scstatehouse.gov/billsearch.php?billnumbers=5126&session=126&headerfooter=0,,,Adopt section 60 - PROSECUTION COORDINATION COMMISSION,Nay,Passed
[S]-701,2026-04-23T14:23:00.000-04:00,https://www.scstatehouse.gov/votehistory.php?KEY=27300,H.5126,Budget,https://www.scstatehouse.gov/billsearch.php?billnumbers=5126&session=126&headerfooter=0,,,"Adopt section 61 - INDIGENT DEFENSE, COMMISSION ON",Nay,Passed
[S]-703,2026-04-23T14:24:00.000-04:00,https://www.scstatehouse.gov/votehistory.php?KEY=27302,H.5126,Budget,https://www.scstatehouse.gov/billsearch.php?billnumbers=5126&session=126&headerfooter=0,,,"Adopt section 63 - PUBLIC SAFETY, DEPARTMENT OF",Nay,Passed
[S]-702,2026-04-23T14:24:00.000-04:00,https://www.scstatehouse.gov/votehistory.php?KEY=27301,H.5126,Budget,https://www.scstatehouse.gov/billsearch.php?billnumbers=5126&session=126&headerfooter=0,,,"Adopt section 62 - LAW ENFORCEMENT DIVISION, STATE - GOVERNOR'S OFFICE",Nay,Passed
[S]-704,2026-04-23T14:25:00.000-04:00,https://www.scstatehouse.gov/votehistory.php?KEY=27303,H.5126,Budget,https://www.scstatehouse.gov/billsearch.php?billnumbers=5126&session=126&headerfooter=0,,,Adopt section 64 - LAW ENFORCEMENT TRAINING COUNCIL,Nay,Passed
[S]-706,2026-04-23T14:26:00.000-04:00,https://www.scstatehouse.gov/votehistory.php?KEY=27305,H.5126,Budget,https://www.scstatehouse.gov/billsearch.php?billnumbers=5126&session=126&headerfooter=0,,,"Adopt section 66 - PROBATION, PAROLE AND PARDON SERVICES, DEPARTMENT OF",Nay,Passed
[S]-705,2026-04-23T14:26:00.000-04:00,https://www.scstatehouse.gov/votehistory.php?KEY=27304,H.5126,Budget,https://www.scstatehouse.gov/billsearch.php?billnumbers=5126&session=126&headerfooter=0,,,"Adopt section 65 - CORRECTIONS, DEPARTMENT OF",Nay,Passed
[S]-707,2026-04-23T14:26:00.000-04:00,https://www.scstatehouse.gov/votehistory.php?KEY=27306,H.5126,Budget,https://www.scstatehouse.gov/billsearch.php?billnumbers=5126&session=126&headerfooter=0,,,"Adopt section 67 - JUVENILE JUSTICE, DEPARTMENT OF",Nay,Passed
[S]-708,2026-04-23T14:27:00.000-04:00,https://www.scstatehouse.gov/votehistory.php?KEY=27307,H.5126,Budget,https://www.scstatehouse.gov/billsearch.php?billnumbers=5126&session=126&headerfooter=0,,,Adopt section 70 - HUMAN AFFAIRS COMMISSION,Nay,Passed
[S]-709,2026-04-23T14:27:00.000-04:00,https://www.scstatehouse.gov/votehistory.php?KEY=27308,H.5126,Budget,https://www.scstatehouse.gov/billsearch.php?billnumbers=5126&session=126&headerfooter=0,,,Adopt section 71 – COMMUNITY ADVANCEMENT AND ENGAGEMENT COMMISSION,Nay,Passed
[S]-710,2026-04-23T14:28:00.000-04:00,https://www.scstatehouse.gov/votehistory.php?KEY=27309,H.5126,Budget,https://www.scstatehouse.gov/billsearch.php?billnumbers=5126&session=126&headerfooter=0,,,Adopt section 72 - PUBLIC SERVICE COMMISSION,Nay,Passed
[S]-711,2026-04-23T14:28:00.000-04:00,https://www.scstatehouse.gov/votehistory.php?KEY=27310,H.5126,Budget,https://www.scstatehouse.gov/billsearch.php?billnumbers=5126&session=126&headerfooter=0,,,"Adopt section 73 - REGULATORY STAFF, OFFICE OF",Abstain,Passed
[S]-712,2026-04-23T14:28:00.000-04:00,https://www.scstatehouse.gov/votehistory.php?KEY=27311,H.5126,Budget,https://www.scstatehouse.gov/billsearch.php?billnumbers=5126&session=126&headerfooter=0,,,Adopt section 74 - WORKERS' COMPENSATION COMMISSION,Nay,Passed
[S]-713,2026-04-23T14:29:00.000-04:00,https://www.scstatehouse.gov/votehistory.php?KEY=27312,H.5126,Budget,https://www.scstatehouse.gov/billsearch.php?billnumbers=5126&session=126&headerfooter=0,,,"Adopt section 75 - ACCIDENT FUND, STATE",Nay,Passed
[S]-714,2026-04-23T14:30:00.000-04:00,https://www.scstatehouse.gov/votehistory.php?KEY=27313,H.5126,Budget,https://www.scstatehouse.gov/billsearch.php?billnumbers=5126&session=126&headerfooter=0,,,"Adopt section 78 - INSURANCE, DEPARTMENT OF",Nay,Passed
[S]-715,2026-04-23T14:30:00.000-04:00,https://www.scstatehouse.gov/votehistory.php?KEY=27314,H.5126,Budget,https://www.scstatehouse.gov/billsearch.php?billnumbers=5126&session=126&headerfooter=0,,,"Adopt section 79 - FINANCIAL INSTITUTIONS, BOARD OF",Nay,Passed
[S]-716,2026-04-23T14:30:00.000-04:00,https://www.scstatehouse.gov/votehistory.php?KEY=27315,H.5126,Budget,https://www.scstatehouse.gov/billsearch.php?billnumbers=5126&session=126&headerfooter=0,,,"Adopt section 80 - CONSUMER AFFAIRS, DEPARTMENT OF",Nay,Passed
[S]-717,2026-04-23T14:31:00.000-04:00,https://www.scstatehouse.gov/votehistory.php?KEY=27316,H.5126,Budget,https://www.scstatehouse.gov/billsearch.php?billnumbers=5126&session=126&headerfooter=0,,,"Adopt section 81 - LABOR, LICENSING AND REGULATION, DEPARTMENT OF",Nay,Passed
[S]-718,2026-04-23T14:32:00.000-04:00,https://www.scstatehouse.gov/votehistory.php?KEY=27317,H.5126,Budget,https://www.scstatehouse.gov/billsearch.php?billnumbers=5126&session=126&headerfooter=0,,,"Adopt section 82 - MOTOR VEHICLES, DEPARTMENT OF",Nay,Passed
[S]-719,2026-04-23T14:32:00.000-04:00,https://www.scstatehouse.gov/votehistory.php?KEY=27318,H.5126,Budget,https://www.scstatehouse.gov/billsearch.php?billnumbers=5126&session=126&headerfooter=0,,,"Adopt section 83 - EMPLOYMENT AND WORKFORCE, DEPARTMENT OF",Nay,Passed
[S]-720,2026-04-23T14:32:00.000-04:00,https://www.scstatehouse.gov/votehistory.php?KEY=27319,H.5126,Budget,https://www.scstatehouse.gov/billsearch.php?billnumbers=5126&session=126&headerfooter=0,,,"Adopt section 84 - TRANSPORTATION, DEPARTMENT OF",Nay,Passed
[S]-721,2026-04-23T14:33:00.000-04:00,https://www.scstatehouse.gov/votehistory.php?KEY=27320,H.5126,Budget,https://www.scstatehouse.gov/billsearch.php?billnumbers=5126&session=126&headerfooter=0,,,Adopt section 85 - INFRASTRUCTURE BANK BOARD,Nay,Passed
[S]-722,2026-04-23T14:33:00.000-04:00,https://www.scstatehouse.gov/votehistory.php?KEY=27321,H.5126,Budget,https://www.scstatehouse.gov/billsearch.php?billnumbers=5126&session=126&headerfooter=0,,,"Adopt section 86 - TRANSPORTATION FUNDS, COUNTY",Nay,Passed
[S]-723,2026-04-23T14:33:00.000-04:00,https://www.scstatehouse.gov/votehistory.php?KEY=27322,H.5126,Budget,https://www.scstatehouse.gov/billsearch.php?billnumbers=5126&session=126&headerfooter=0,,,"Adopt section 87 - AERONAUTICS, DIVISION OF",Nay,Passed
[S]-724,2026-04-23T14:34:00.000-04:00,https://www.scstatehouse.gov/votehistory.php?KEY=27323,H.5126,Budget,https://www.scstatehouse.gov/billsearch.php?billnumbers=5126&session=126&headerfooter=0,,,Adopt section 88 – PORTS AUTHORITY,Nay,Passed
[S]-725,2026-04-23T14:34:00.000-04:00,https://www.scstatehouse.gov/votehistory.php?KEY=27324,H.5126,Budget,https://www.scstatehouse.gov/billsearch.php?billnumbers=5126&session=126&headerfooter=0,,,Adopt section 91 – LEGISLATIVE DEPTS.,Nay,Passed
[S]-726,2026-04-23T14:35:00.000-04:00,https://www.scstatehouse.gov/votehistory.php?KEY=27325,H.5126,Budget,https://www.scstatehouse.gov/billsearch.php?billnumbers=5126&session=126&headerfooter=0,,,Adopt section 92 - GOVERNOR'S OFFICE,Nay,Passed
[S]-783,2026-04-23T14:35:00.000-04:00,https://www.scstatehouse.gov/votehistory.php?KEY=27431,H.5126,Budget,https://www.scstatehouse.gov/billsearch.php?billnumbers=5126&session=126&headerfooter=0,54,https://scstatehouse.gov/amendments.php?KEY=34486,Adopt Amendment #54,Aye,Failed
[S]-727,2026-04-23T14:35:00.000-04:00,https://www.scstatehouse.gov/votehistory.php?KEY=27326,H.5126,Budget,https://www.scstatehouse.gov/billsearch.php?billnumbers=5126&session=126&headerfooter=0,,,"Adopt section 92D - RESILIENCE, OFFICE OF",Nay,Passed
[S]-728,2026-04-23T14:36:00.000-04:00,https://www.scstatehouse.gov/votehistory.php?KEY=27327,H.5126,Budget,https://www.scstatehouse.gov/billsearch.php?billnumbers=5126&session=126&headerfooter=0,,,"Adopt section 93 - ADMINISTRATION, DEPARTMENT OF",Nay,Passed
[S]-731,2026-04-23T14:37:00.000-04:00,https://www.scstatehouse.gov/votehistory.php?KEY=27330,H.5126,Budget,https://www.scstatehouse.gov/billsearch.php?billnumbers=5126&session=126&headerfooter=0,,,Adopt section 97 - COMPTROLLER GENERAL'S OFFICE,Nay,Passed
[S]-729,2026-04-23T14:37:00.000-04:00,https://www.scstatehouse.gov/votehistory.php?KEY=27328,H.5126,Budget,https://www.scstatehouse.gov/billsearch.php?billnumbers=5126&session=126&headerfooter=0,,,"Adopt section 94 - INSPECTOR GENERAL, OFFICE OF",Nay,Passed
[S]-730,2026-04-23T14:37:00.000-04:00,https://www.scstatehouse.gov/votehistory.php?KEY=27329,H.5126,Budget,https://www.scstatehouse.gov/billsearch.php?billnumbers=5126&session=126&headerfooter=0,,,Adopt section 96 - SECRETARY OF STATE'S OFFICE,Nay,Passed
[S]-733,2026-04-23T14:38:00.000-04:00,https://www.scstatehouse.gov/votehistory.php?KEY=27332,H.5126,Budget,https://www.scstatehouse.gov/billsearch.php?billnumbers=5126&session=126&headerfooter=0,,,Adopt section 99 - RETIREMENT SYSTEM INVESTMENT COMMISSION,Nay,Passed
[S]-732,2026-04-23T14:38:00.000-04:00,https://www.scstatehouse.gov/votehistory.php?KEY=27331,H.5126,Budget,https://www.scstatehouse.gov/billsearch.php?billnumbers=5126&session=126&headerfooter=0,,,"Adopt section 98 - TREASURER'S OFFICE, STATE",Nay,Passed
[S]-734,2026-04-23T14:39:00.000-04:00,https://www.scstatehouse.gov/votehistory.php?KEY=27333,H.5126,Budget,https://www.scstatehouse.gov/billsearch.php?billnumbers=5126&session=126&headerfooter=0,,,Adopt section 100 - ADJUTANT GENERAL'S OFFICE,Nay,Passed
[S]-735,2026-04-23T14:39:00.000-04:00,https://www.scstatehouse.gov/votehistory.php?KEY=27334,H.5126,Budget,https://www.scstatehouse.gov/billsearch.php?billnumbers=5126&session=126&headerfooter=0,,,"Adopt section 101 - VETERANS' AFFAIRS, DEPARTMENT OF",Nay,Passed
[S]-736,2026-04-23T14:40:00.000-04:00,https://www.scstatehouse.gov/votehistory.php?KEY=27335,H.5126,Budget,https://www.scstatehouse.gov/billsearch.php?billnumbers=5126&session=126&headerfooter=0,,,Adopt section 102 - ELECTION COMMISSION,Nay,Passed
[S]-737,2026-04-23T14:40:00.000-04:00,https://www.scstatehouse.gov/votehistory.php?KEY=27336,H.5126,Budget,https://www.scstatehouse.gov/billsearch.php?billnumbers=5126&session=126&headerfooter=0,,,Adopt section 103 - REVENUE AND FISCAL AFFAIRS OFFICE,Nay,Passed
[S]-738,2026-04-23T14:41:00.000-04:00,https://www.scstatehouse.gov/votehistory.php?KEY=27337,H.5126,Budget,https://www.scstatehouse.gov/billsearch.php?billnumbers=5126&session=126&headerfooter=0,,,Adopt section 104 - STATE FISCAL ACCOUNTABILITY AUTHORITY,Nay,Passed
[S]-739,2026-04-23T14:41:00.000-04:00,https://www.scstatehouse.gov/votehistory.php?KEY=27338,H.5126,Budget,https://www.scstatehouse.gov/billsearch.php?billnumbers=5126&session=126&headerfooter=0,,,Adopt section 105 - SFAA-AUDITOR'S OFFICE,Nay,Passed
[S]-740,2026-04-23T14:41:00.000-04:00,https://www.scstatehouse.gov/votehistory.php?KEY=27339,H.5126,Budget,https://www.scstatehouse.gov/billsearch.php?billnumbers=5126&session=126&headerfooter=0,,,Adopt section 106 - STATEWIDE EMPLOYEE BENEFITS,Nay,Passed
[S]-741,2026-04-23T14:42:00.000-04:00,https://www.scstatehouse.gov/votehistory.php?KEY=27340,H.5126,Budget,https://www.scstatehouse.gov/billsearch.php?billnumbers=5126&session=126&headerfooter=0,,,Adopt section 107 - CAPITAL AND GENERAL RESERVE FUNDS,Nay,Passed
[S]-742,2026-04-23T14:42:00.000-04:00,https://www.scstatehouse.gov/votehistory.php?KEY=27341,H.5126,Budget,https://www.scstatehouse.gov/billsearch.php?billnumbers=5126&session=126&headerfooter=0,,,Adopt section 108 - PUBLIC EMPLOYEE BENEFIT AUTHORITY,Nay,Passed
[S]-743,2026-04-23T14:43:00.000-04:00,https://www.scstatehouse.gov/votehistory.php?KEY=27343,H.5126,Budget,https://www.scstatehouse.gov/billsearch.php?billnumbers=5126&session=126&headerfooter=0,,,"Adopt section 109 - REVENUE, DEPARTMENT OF",Nay,Passed
[S]-746,2026-04-23T14:44:00.000-04:00,https://www.scstatehouse.gov/votehistory.php?KEY=27346,H.5126,Budget,https://www.scstatehouse.gov/billsearch.php?billnumbers=5126&session=126&headerfooter=0,,,Adopt section 112 - DEBT SERVICE,Nay,Passed
[S]-745,2026-04-23T14:44:00.000-04:00,https://www.scstatehouse.gov/votehistory.php?KEY=27345,H.5126,Budget,https://www.scstatehouse.gov/billsearch.php?billnumbers=5126&session=126&headerfooter=0,,,Adopt section 111 - PROCUREMENT REVIEW PANEL,Nay,Passed
[S]-744,2026-04-23T14:44:00.000-04:00,https://www.scstatehouse.gov/votehistory.php?KEY=27344,H.5126,Budget,https://www.scstatehouse.gov/billsearch.php?billnumbers=5126&session=126&headerfooter=0,,,"Adopt section 110 - ETHICS COMMISSION, STATE",Nay,Passed
[S]-747,2026-04-23T14:45:00.000-04:00,https://www.scstatehouse.gov/votehistory.php?KEY=27347,H.5126,Budget,https://www.scstatehouse.gov/billsearch.php?billnumbers=5126&session=126&headerfooter=0,,,Adopt section 113 - AID TO SUBDIVISIONS - STATE TREASURER,Nay,Passed
[S]-748,2026-04-23T14:45:00.000-04:00,https://www.scstatehouse.gov/votehistory.php?KEY=27348,H.5126,Budget,https://www.scstatehouse.gov/billsearch.php?billnumbers=5126&session=126&headerfooter=0,,,Adopt section 115 - TAX RELIEF TRUST FUND, ,Pending
[S]-749,2026-04-23T14:45:00.000-04:00,https://www.scstatehouse.gov/votehistory.php?KEY=27349,H.5126,Budget,https://www.scstatehouse.gov/billsearch.php?billnumbers=5126&session=126&headerfooter=0,,,Adopt section 117 – GENERAL PROVISIONS,Nay,Passed
[S]-750,2026-04-23T14:46:00.000-04:00,https://www.scstatehouse.gov/votehistory.php?KEY=27350,H.5126,Budget,https://www.scstatehouse.gov/billsearch.php?billnumbers=5126&session=126&headerfooter=0,,,Adopt section 118 – STATEWIDE REVENUE,Nay,Passed
[S]-784,2026-04-23T15:45:00.000-04:00,https://www.scstatehouse.gov/votehistory.php?KEY=27432,H.5126,Budget,https://www.scstatehouse.gov/billsearch.php?billnumbers=5126&session=126&headerfooter=0,61B,https://scstatehouse.gov/amendments.php?KEY=34488,Table Amendment #61B,Nay,Failed
[S]-785,2026-04-23T16:22:00.000-04:00,https://www.scstatehouse.gov/votehistory.php?KEY=27433,H.5126,Budget,https://www.scstatehouse.gov/billsearch.php?billnumbers=5126&session=126&headerfooter=0,64,https://scstatehouse.gov/amendments.php?KEY=34489,Adopt Amendment #64,Nay,Failed
[S]-786,2026-04-23T17:38:00.000-04:00,https://www.scstatehouse.gov/votehistory.php?KEY=27434,H.5126,Budget,https://www.scstatehouse.gov/billsearch.php?billnumbers=5126&session=126&headerfooter=0,65,https://scstatehouse.gov/amendments.php?KEY=34490,Adopt Amendment #65,Aye,Passed
[S]-787,2026-04-23T18:14:00.000-04:00,https://www.scstatehouse.gov/votehistory.php?KEY=27435,H.5126,Budget,https://www.scstatehouse.gov/billsearch.php?billnumbers=5126&session=126&headerfooter=0,39,https://scstatehouse.gov/amendments.php?KEY=34435,Table Amendment #39,Nay,Passed
[S]-788,2026-04-23T18:32:00.000-04:00,https://www.scstatehouse.gov/votehistory.php?KEY=27436,H.5126,Budget,https://www.scstatehouse.gov/billsearch.php?billnumbers=5126&session=126&headerfooter=0,43A,https://scstatehouse.gov/amendments.php?KEY=34496,Adopt Amendment #43A,Aye,Failed
[S]-789,2026-04-23T18:48:00.000-04:00,https://www.scstatehouse.gov/votehistory.php?KEY=27437,H.5126,Budget,https://www.scstatehouse.gov/billsearch.php?billnumbers=5126&session=126&headerfooter=0,,,3rd Reading,Nay,Passed
[S]-790,2026-04-23T18:51:00.000-04:00,https://www.scstatehouse.gov/votehistory.php?KEY=27438,H.5127,Capital Reserve Fund appropriation,https://www.scstatehouse.gov/billsearch.php?billnumbers=5127&session=126&headerfooter=0,,,2nd Reading,Nay,Passed
[S]-792,2026-04-28T14:43:00.000-04:00,https://www.scstatehouse.gov/votehistory.php?KEY=27446,S.631, Limitation on places of residence of certain sex offenders; exceptions,https://www.scstatehouse.gov/billsearch.php?billnumbers=631&session=126&headerfooter=0,,,2nd Reading,Aye,Passed
[S]-793,2026-04-28T15:00:00.000-04:00,https://www.scstatehouse.gov/votehistory.php?KEY=27447,S.788,Artificial Intelligence and Therapy or Psychotherapy,https://www.scstatehouse.gov/billsearch.php?billnumbers=788&session=126&headerfooter=0,,,2nd Reading,Aye,Passed
[S]-794,2026-04-28T15:02:00.000-04:00,https://www.scstatehouse.gov/votehistory.php?KEY=27448,S.1005,Judicial Salaries,https://www.scstatehouse.gov/billsearch.php?billnumbers=1005&session=126&headerfooter=0,,,2nd Reading,Nay,Passed
[S]-795,2026-04-28T15:20:00.000-04:00,https://www.scstatehouse.gov/votehistory.php?KEY=27450,S.436,Aircraft,https://www.scstatehouse.gov/billsearch.php?billnumbers=436&session=126&headerfooter=0,,,2nd Reading,Nay,Passed
[S]-796,2026-04-28T15:24:00.000-04:00,https://www.scstatehouse.gov/votehistory.php?KEY=27452,S.869,Permanent License Plates,https://www.scstatehouse.gov/billsearch.php?billnumbers=869&session=126&headerfooter=0,,,2nd Reading,Aye,Passed
[S]-797,2026-04-28T15:30:00.000-04:00,https://www.scstatehouse.gov/votehistory.php?KEY=27453,S.904,"""Quail Forever"" Specialty License Plate",https://www.scstatehouse.gov/billsearch.php?billnumbers=904&session=126&headerfooter=0,,,2nd Reading,Aye,Passed
[S]-798,2026-04-28T15:38:00.000-04:00,https://www.scstatehouse.gov/votehistory.php?KEY=27454,S.933,Legislative Salary,https://www.scstatehouse.gov/billsearch.php?billnumbers=933&session=126&headerfooter=0,,,2nd Reading,Nay,Passed
[S]-799,2026-04-28T15:44:00.000-04:00,https://www.scstatehouse.gov/votehistory.php?KEY=27455,S.1119,Blackout license plates,https://www.scstatehouse.gov/billsearch.php?billnumbers=1119&session=126&headerfooter=0,,,2nd Reading,Aye,Passed
[S]-800,2026-04-28T15:54:00.000-04:00,https://www.scstatehouse.gov/votehistory.php?KEY=27456,S.270,Attempted Murder,https://www.scstatehouse.gov/billsearch.php?billnumbers=270&session=126&headerfooter=0,,,2nd Reading,Aye,Passed
[S]-801,2026-04-28T16:08:00.000-04:00,https://www.scstatehouse.gov/votehistory.php?KEY=27457,S.872,Immigration Status on Driver's License,https://www.scstatehouse.gov/billsearch.php?billnumbers=872&session=126&headerfooter=0,,,2nd Reading,Aye,Passed
[S]-803,2026-04-29T14:44:00.000-04:00,https://www.scstatehouse.gov/votehistory.php?KEY=27462,S.270,Attempted Murder,https://www.scstatehouse.gov/billsearch.php?billnumbers=270&session=126&headerfooter=0,,,3rd Reading,Aye,Passed
[S]-804,2026-04-29T14:50:00.000-04:00,https://www.scstatehouse.gov/votehistory.php?KEY=27464,S.556,Renewable Natural Gas,https://www.scstatehouse.gov/billsearch.php?billnumbers=556&session=126&headerfooter=0,,,3rd Reading,Nay,Passed
[S]-805,2026-04-29T14:56:00.000-04:00,https://www.scstatehouse.gov/votehistory.php?KEY=27465,H.3259,First responder automobile insurance premiums,https://www.scstatehouse.gov/billsearch.php?billnumbers=3259&session=126&headerfooter=0,,,2nd Reading,Aye,Passed
[S]-806,2026-04-29T16:37:00.000-04:00,https://www.scstatehouse.gov/votehistory.php?KEY=27468,H.3195,Unstructured and self-directed recess in public schools,https://www.scstatehouse.gov/billsearch.php?billnumbers=3195&session=126&headerfooter=0,,,2nd Reading,Nay,Passed
[S]-807,2026-04-29T16:40:00.000-04:00,https://www.scstatehouse.gov/votehistory.php?KEY=27472,H.3453,Veterans' Children Tuition Assistance,https://www.scstatehouse.gov/billsearch.php?billnumbers=3453&session=126&headerfooter=0,,,2nd Reading,Aye,Passed
[S]-808,2026-04-29T16:46:00.000-04:00,https://www.scstatehouse.gov/votehistory.php?KEY=27473,H.5064,Northeast Technical College Area Commission,https://www.scstatehouse.gov/billsearch.php?billnumbers=5064&session=126&headerfooter=0,,,2nd Reading,Aye,Passed
[S]-809,2026-04-29T16:47:00.000-04:00,https://www.scstatehouse.gov/votehistory.php?KEY=27474,H.4730,Billboard contractors,https://www.scstatehouse.gov/billsearch.php?billnumbers=4730&session=126&headerfooter=0,,,2nd Reading,Aye,Passed
[S]-810,2026-04-29T16:48:00.000-04:00,https://www.scstatehouse.gov/votehistory.php?KEY=27475,H.3872,Hunting Heritage Protect Act,https://www.scstatehouse.gov/billsearch.php?billnumbers=3872&session=126&headerfooter=0,,,2nd Reading,Aye,Passed
[S]-811,2026-04-29T16:53:00.000-04:00,https://www.scstatehouse.gov/votehistory.php?KEY=27477,H.3020,Status Offenses,https://www.scstatehouse.gov/billsearch.php?billnumbers=3020&session=126&headerfooter=0,,,2nd Reading,Aye,Passed
[S]-812,2026-04-29T17:01:00.000-04:00,https://www.scstatehouse.gov/votehistory.php?KEY=27482,H.3285,Continuing law enforcement education credits and EMS training,https://www.scstatehouse.gov/billsearch.php?billnumbers=3285&session=126&headerfooter=0,,,2nd Reading,Aye,Passed
[S]-813,2026-04-29T17:04:00.000-04:00,https://www.scstatehouse.gov/votehistory.php?KEY=27484,H.4720,Pretrial Intervention Program eligibility,https://www.scstatehouse.gov/billsearch.php?billnumbers=4720&session=126&headerfooter=0,,,2nd Reading,Aye,Passed
[S]-814,2026-04-29T17:06:00.000-04:00,https://www.scstatehouse.gov/votehistory.php?KEY=27485,H.3022,Long Term Care Council,https://www.scstatehouse.gov/billsearch.php?billnumbers=3022&session=126&headerfooter=0,,,2nd Reading,Aye,Passed
[S]-815,2026-04-29T17:09:00.000-04:00,https://www.scstatehouse.gov/votehistory.php?KEY=27486,H.3842,Medical authorization of handicap placards,https://www.scstatehouse.gov/billsearch.php?billnumbers=3842&session=126&headerfooter=0,,,2nd Reading,Nay,Passed
[S]-816,2026-04-29T17:13:00.000-04:00,https://www.scstatehouse.gov/votehistory.php?KEY=27488,H.4249,Emergency Scene Management,https://www.scstatehouse.gov/billsearch.php?billnumbers=4249&session=126&headerfooter=0,,,2nd Reading,Aye,Passed
[S]-817,2026-04-29T17:39:00.000-04:00,https://www.scstatehouse.gov/votehistory.php?KEY=27489,H.5131,Tribal Governments Special License Plates,https://www.scstatehouse.gov/billsearch.php?billnumbers=5131&session=126&headerfooter=0,,,2nd Reading,Aye,Passed
[S]-818,2026-04-29T17:44:00.000-04:00,https://www.scstatehouse.gov/votehistory.php?KEY=27490,H.5205,College Safety Training Programs for Students,https://www.scstatehouse.gov/billsearch.php?billnumbers=5205&session=126&headerfooter=0,,,2nd Reading,Aye,Passed
[S]-819,2026-04-29T17:51:00.000-04:00,https://www.scstatehouse.gov/votehistory.php?KEY=27491,H.4738,Commission on Higher Education,https://www.scstatehouse.gov/billsearch.php?billnumbers=4738&session=126&headerfooter=0,,,2nd Reading,Aye,Passed
[S]-820,2026-04-29T18:19:00.000-04:00,https://www.scstatehouse.gov/votehistory.php?KEY=27493,H.5073,Public school grading,https://www.scstatehouse.gov/billsearch.php?billnumbers=5073&session=126&headerfooter=0,,,2nd Reading,Aye,Passed
[S]-821,2026-04-29T19:46:00.000-04:00,https://www.scstatehouse.gov/votehistory.php?KEY=27497,S.936,Nuclear Lifecycle Innovation Campus,https://www.scstatehouse.gov/billsearch.php?billnumbers=936&session=126&headerfooter=0,,,2nd Reading,Abstain,Passed
[S]-822,2026-04-29T19:53:00.000-04:00,https://www.scstatehouse.gov/votehistory.php?KEY=27498,S.1062,JR to Approve Reg. Doc. No. 5443,https://www.scstatehouse.gov/billsearch.php?billnumbers=1062&session=126&headerfooter=0,,,2nd Reading,Aye,Passed
[S]-823,2026-04-29T19:54:00.000-04:00,https://www.scstatehouse.gov/votehistory.php?KEY=27499,H.3034,"Fargo's, Hyco's, Rico's, Coba's, Wick's, and Mikka's Law",https://www.scstatehouse.gov/billsearch.php?billnumbers=3034&session=126&headerfooter=0,,,2nd Reading,Aye,Passed
[S]-824,2026-04-29T20:02:00.000-04:00,https://www.scstatehouse.gov/votehistory.php?KEY=27500,S.717,Mothers and Preborns Act,https://www.scstatehouse.gov/billsearch.php?billnumbers=717&session=126&headerfooter=0,,,2nd Reading,Aye,Passed
[S]-825,2026-04-29T20:22:00.000-04:00,https://www.scstatehouse.gov/votehistory.php?KEY=27501,S.477,Pharmacy access,https://www.scstatehouse.gov/billsearch.php?billnumbers=477&session=126&headerfooter=0,,,Adopt the conference report,Aye,Passed
[S]-826,2026-04-29T20:24:00.000-04:00,https://www.scstatehouse.gov/votehistory.php?KEY=27502,H.3924,Hemp-derived ingestible,https://www.scstatehouse.gov/billsearch.php?billnumbers=3924&session=126&headerfooter=0,,,concur,Aye,Failed
[S]-828,2026-04-30T12:20:00.000-04:00,https://www.scstatehouse.gov/votehistory.php?KEY=27505,H.3949,State anthem,https://www.scstatehouse.gov/billsearch.php?billnumbers=3949&session=126&headerfooter=0,,,2nd Reading,Aye,Passed
[S]-829,2026-04-30T12:42:00.000-04:00,https://www.scstatehouse.gov/votehistory.php?KEY=27506,H.5168,Official State Song,https://www.scstatehouse.gov/billsearch.php?billnumbers=5168&session=126&headerfooter=0,,,2nd Reading,Nay,Passed
[S]-830,2026-04-30T13:00:00.000-04:00,https://www.scstatehouse.gov/votehistory.php?KEY=27516,H.4248,Food labeling,https://www.scstatehouse.gov/billsearch.php?billnumbers=4248&session=126&headerfooter=0,,,2nd Reading,Aye,Passed
[S]-831,2026-04-30T13:05:00.000-04:00,https://www.scstatehouse.gov/votehistory.php?KEY=27517,H.4270,Evictions,https://www.scstatehouse.gov/billsearch.php?billnumbers=4270&session=126&headerfooter=0,,,2nd Reading,Nay,Passed
[S]-832,2026-04-30T13:09:00.000-04:00,https://www.scstatehouse.gov/votehistory.php?KEY=27518,H.5506,Pee Dee Regional Airport Authority,https://www.scstatehouse.gov/billsearch.php?billnumbers=5506&session=126&headerfooter=0,,,2nd Reading,Aye,Passed
[S]-834,2026-05-05T14:42:00.000-04:00,https://www.scstatehouse.gov/votehistory.php?KEY=27524,S.222,Utility terrain vehicle,https://www.scstatehouse.gov/billsearch.php?billnumbers=222&session=126&headerfooter=0,,,3rd Reading,Nay,Passed
[S]-835,2026-05-05T14:49:00.000-04:00,https://www.scstatehouse.gov/votehistory.php?KEY=27525,S.355,Micro-distillery tastings,https://www.scstatehouse.gov/billsearch.php?billnumbers=355&session=126&headerfooter=0,,,2nd Reading,Nay,Passed
[S]-836,2026-05-05T15:08:00.000-04:00,https://www.scstatehouse.gov/votehistory.php?KEY=27526,S.1001,Retail Alcoholic Beverage Caterer License,https://www.scstatehouse.gov/billsearch.php?billnumbers=1001&session=126&headerfooter=0,,,2nd Reading,Nay,Passed
[S]-837,2026-05-05T15:31:00.000-04:00,https://www.scstatehouse.gov/votehistory.php?KEY=27528,H.3163,Occupational diseases,https://www.scstatehouse.gov/billsearch.php?billnumbers=3163&session=126&headerfooter=0,,,2nd Reading,Aye,Passed
[S]-838,2026-05-05T15:43:00.000-04:00,https://www.scstatehouse.gov/votehistory.php?KEY=27539,H.3387,Unlawful occupants of property,https://www.scstatehouse.gov/billsearch.php?billnumbers=3387&session=126&headerfooter=0,,,2nd Reading,Aye,Passed
[S]-839,2026-05-05T15:45:00.000-04:00,https://www.scstatehouse.gov/votehistory.php?KEY=27542,H.3731,Special purpose district property conveyance powers,https://www.scstatehouse.gov/billsearch.php?billnumbers=3731&session=126&headerfooter=0,,,2nd Reading,Aye,Passed
[S]-840,2026-05-05T15:49:00.000-04:00,https://www.scstatehouse.gov/votehistory.php?KEY=27544,H.3874,Workers' compensation,https://www.scstatehouse.gov/billsearch.php?billnumbers=3874&session=126&headerfooter=0,,,2nd Reading,Aye,Passed
[S]-841,2026-05-05T15:53:00.000-04:00,https://www.scstatehouse.gov/votehistory.php?KEY=27545,H.4188,"Coroners, disposition of unidentified or unclaimed remains",https://www.scstatehouse.gov/billsearch.php?billnumbers=4188&session=126&headerfooter=0,,,2nd Reading,Aye,Passed
[S]-842,2026-05-05T15:57:00.000-04:00,https://www.scstatehouse.gov/votehistory.php?KEY=27546,H.4805,Judicial Seats,https://www.scstatehouse.gov/billsearch.php?billnumbers=4805&session=126&headerfooter=0,,,2nd Reading,Aye,Passed
[S]-843,2026-05-05T16:05:00.000-04:00,https://www.scstatehouse.gov/votehistory.php?KEY=27547,H.4813,Magistrate court fees and costs,https://www.scstatehouse.gov/billsearch.php?billnumbers=4813&session=126&headerfooter=0,,,2nd Reading,Nay,Passed
[S]-844,2026-05-05T16:08:00.000-04:00,https://www.scstatehouse.gov/votehistory.php?KEY=27548,H.5097,Roadside Markets,https://www.scstatehouse.gov/billsearch.php?billnumbers=5097&session=126&headerfooter=0,,,2nd Reading,Aye,Passed
[S]-845,2026-05-05T16:14:00.000-04:00,https://www.scstatehouse.gov/votehistory.php?KEY=27549,H.5111,Public Water System Connections,https://www.scstatehouse.gov/billsearch.php?billnumbers=5111&session=126&headerfooter=0,,,2nd Reading,Aye,Passed
[S]-846,2026-05-05T16:15:00.000-04:00,https://www.scstatehouse.gov/votehistory.php?KEY=27550,H.5473,Fishing,https://www.scstatehouse.gov/billsearch.php?billnumbers=5473&session=126&headerfooter=0,,,2nd Reading,Nay,Passed
[S]-847,2026-05-05T16:19:00.000-04:00,https://www.scstatehouse.gov/votehistory.php?KEY=27552,S.1151,Lake Conestee Dam Authority,https://www.scstatehouse.gov/billsearch.php?billnumbers=1151&session=126&headerfooter=0,,,2nd Reading,Nay,Passed
[S]-848,2026-05-05T16:43:00.000-04:00,https://www.scstatehouse.gov/votehistory.php?KEY=27554,H.4799,Certificate of Need,https://www.scstatehouse.gov/billsearch.php?billnumbers=4799&session=126&headerfooter=0,,,2nd Reading,Aye,Passed
[S]-849,2026-05-05T16:46:00.000-04:00,https://www.scstatehouse.gov/votehistory.php?KEY=27555,H.4292,Roadway Protection and Safety Act,https://www.scstatehouse.gov/billsearch.php?billnumbers=4292&session=126&headerfooter=0,,,2nd Reading,Aye,Passed
[S]-851,2026-05-06T13:45:00.000-04:00,https://www.scstatehouse.gov/votehistory.php?KEY=27565,H.5179,School Mapping Data Program,https://www.scstatehouse.gov/billsearch.php?billnumbers=5179&session=126&headerfooter=0,,,3rd Reading,Aye,Passed
[S]-852,2026-05-06T13:55:00.000-04:00,https://www.scstatehouse.gov/votehistory.php?KEY=27574,H.3387,Unlawful occupants of property,https://www.scstatehouse.gov/billsearch.php?billnumbers=3387&session=126&headerfooter=0,,,3rd Reading,Aye,Passed
[S]-853,2026-05-06T14:08:00.000-04:00,https://www.scstatehouse.gov/votehistory.php?KEY=27576,H.4305,Wellness reimbursement program,https://www.scstatehouse.gov/billsearch.php?billnumbers=4305&session=126&headerfooter=0,,,2nd Reading,Aye,Passed
[S]-854,2026-05-06T14:24:00.000-04:00,https://www.scstatehouse.gov/votehistory.php?KEY=27577,H.5069,SC Protected Lands and Conservation Coordination Act,https://www.scstatehouse.gov/billsearch.php?billnumbers=5069&session=126&headerfooter=0,,,2nd Reading,Nay,Passed
[S]-855,2026-05-06T14:34:00.000-04:00,https://www.scstatehouse.gov/votehistory.php?KEY=27579,H.3049,Uniform Civil Remedies for Unauthorized Disclosure of Intimate Images Act,https://www.scstatehouse.gov/billsearch.php?billnumbers=3049&session=126&headerfooter=0,,,2nd Reading,Aye,Passed
[S]-856,2026-05-06T15:47:00.000-04:00,https://www.scstatehouse.gov/votehistory.php?KEY=27592,H.3551,Poll Worker Pay,https://www.scstatehouse.gov/billsearch.php?billnumbers=3551&session=126&headerfooter=0,,,2nd Reading,Aye,Passed
[S]-857,2026-05-06T15:52:00.000-04:00,https://www.scstatehouse.gov/votehistory.php?KEY=27596,H.3841,Property tax,https://www.scstatehouse.gov/billsearch.php?billnumbers=3841&session=126&headerfooter=0,,,2nd Reading,Aye,Passed
[S]-858,2026-05-06T15:57:00.000-04:00,https://www.scstatehouse.gov/votehistory.php?KEY=27597,H.3863,South Carolina STEM Opportunity Act,https://www.scstatehouse.gov/billsearch.php?billnumbers=3863&session=126&headerfooter=0,,,2nd Reading,Aye,Passed
[S]-859,2026-05-06T16:01:00.000-04:00,https://www.scstatehouse.gov/votehistory.php?KEY=27598,H.4477,Heirs' property,https://www.scstatehouse.gov/billsearch.php?billnumbers=4477&session=126&headerfooter=0,,,2nd Reading,Aye,Passed
[S]-860,2026-05-06T16:22:00.000-04:00,https://www.scstatehouse.gov/votehistory.php?KEY=27602,H.5537,Dillon National Guard Armory,https://www.scstatehouse.gov/billsearch.php?billnumbers=5537&session=126&headerfooter=0,,,2nd Reading,Aye,Passed
[S]-861,2026-05-06T16:42:00.000-04:00,https://www.scstatehouse.gov/votehistory.php?KEY=27606,H.5573,Spartanburg County Memorial Auditorium Commission,https://www.scstatehouse.gov/billsearch.php?billnumbers=5573&session=126&headerfooter=0,,,2nd Reading,Aye,Passed
[S]-862,2026-05-06T16:44:00.000-04:00,https://www.scstatehouse.gov/votehistory.php?KEY=27607,H.4804,"Sexual Exploitation of a Minor, penalties",https://www.scstatehouse.gov/billsearch.php?billnumbers=4804&session=126&headerfooter=0,,,2nd Reading,Aye,Passed
[S]-863,2026-05-06T16:46:00.000-04:00,https://www.scstatehouse.gov/votehistory.php?KEY=27610,H.3474,Transportation Network Companies,https://www.scstatehouse.gov/billsearch.php?billnumbers=3474&session=126&headerfooter=0,,,2nd Reading,Aye,Passed
[S]-864,2026-05-06T17:04:00.000-04:00,https://www.scstatehouse.gov/votehistory.php?KEY=27614,H.4163,South Carolina High School Athletic Association,https://www.scstatehouse.gov/billsearch.php?billnumbers=4163&session=126&headerfooter=0,,,2nd Reading,Aye,Passed
[S]-865,2026-05-06T17:33:00.000-04:00,https://www.scstatehouse.gov/votehistory.php?KEY=27618,H.3021,Small Business Regulatory Freedom Act,https://www.scstatehouse.gov/billsearch.php?billnumbers=3021&session=126&headerfooter=0,,,2nd Reading,Aye,Passed
[S]-867,2026-05-07T12:38:00.000-04:00,https://www.scstatehouse.gov/votehistory.php?KEY=27633,H.5006,Taxes,https://www.scstatehouse.gov/billsearch.php?billnumbers=5006&session=126&headerfooter=0,,,3rd Reading,Aye,Passed
[S]-868,2026-05-07T12:48:00.000-04:00,https://www.scstatehouse.gov/votehistory.php?KEY=27634,H.4635,Physical Fitness Services,https://www.scstatehouse.gov/billsearch.php?billnumbers=4635&session=126&headerfooter=0,,,3rd Reading,Aye,Passed
[S]-869,2026-05-07T12:53:00.000-04:00,https://www.scstatehouse.gov/votehistory.php?KEY=27635,H.5093,Gross proceeds,https://www.scstatehouse.gov/billsearch.php?billnumbers=5093&session=126&headerfooter=0,,,3rd Reading,Aye,Passed
[S]-870,2026-05-07T12:58:00.000-04:00,https://www.scstatehouse.gov/votehistory.php?KEY=27636,H.5537,Dillon National Guard Armory,https://www.scstatehouse.gov/billsearch.php?billnumbers=5537&session=126&headerfooter=0,,,3rd Reading,Aye,Passed
[S]-871,2026-05-07T12:59:00.000-04:00,https://www.scstatehouse.gov/votehistory.php?KEY=27637,H.5164,Hospitals,https://www.scstatehouse.gov/billsearch.php?billnumbers=5164&session=126&headerfooter=0,,,2nd Reading,Aye,Passed
[S]-872,2026-05-07T13:09:00.000-04:00,https://www.scstatehouse.gov/votehistory.php?KEY=27638,H.5208,Sales Tax Exemption,https://www.scstatehouse.gov/billsearch.php?billnumbers=5208&session=126&headerfooter=0,,,2nd Reading,Aye,Passed
[S]-873,2026-05-07T13:52:00.000-04:00,https://www.scstatehouse.gov/votehistory.php?KEY=27639,S.1043,Civil Air Patrol Leave Act,https://www.scstatehouse.gov/billsearch.php?billnumbers=1043&session=126&headerfooter=0,,,2nd Reading,Aye,Passed
[S]-874,2026-05-07T13:57:00.000-04:00,https://www.scstatehouse.gov/votehistory.php?KEY=27640,H.4679,South Carolina Drone Regulation and Public Safety Act,https://www.scstatehouse.gov/billsearch.php?billnumbers=4679&session=126&headerfooter=0,,,2nd Reading,Aye,Passed
[S]-875,2026-05-07T14:19:00.000-04:00,https://www.scstatehouse.gov/votehistory.php?KEY=27646,H.5122,Internet and Communications Service Providers Equipment,https://www.scstatehouse.gov/billsearch.php?billnumbers=5122&session=126&headerfooter=0,,,2nd Reading,Nay,Passed
[S]-876,2026-05-07T14:31:00.000-04:00,https://www.scstatehouse.gov/votehistory.php?KEY=27654,H.4189,DHEC Restructuring,https://www.scstatehouse.gov/billsearch.php?billnumbers=4189&session=126&headerfooter=0,,,2nd Reading,Nay,Passed
[S]-877,2026-05-07T14:53:00.000-04:00,https://www.scstatehouse.gov/votehistory.php?KEY=27655,H.4069,Patient-Friendly Billing,https://www.scstatehouse.gov/billsearch.php?billnumbers=4069&session=126&headerfooter=0,,,2nd Reading,Aye,Passed
[S]-878,2026-05-07T15:07:00.000-04:00,https://www.scstatehouse.gov/votehistory.php?KEY=27656,H.4337,Subpoena Powers,https://www.scstatehouse.gov/billsearch.php?billnumbers=4337&session=126&headerfooter=0,,,2nd Reading,Aye,Passed
[S]-879,2026-05-07T15:12:00.000-04:00,https://www.scstatehouse.gov/votehistory.php?KEY=27661,H.3335,Designation of representation in magistrates court,https://www.scstatehouse.gov/billsearch.php?billnumbers=3335&session=126&headerfooter=0,,,2nd Reading,Aye,Passed
[S]-880,2026-05-07T15:17:00.000-04:00,https://www.scstatehouse.gov/votehistory.php?KEY=27662,H.5113,Modular Homes,https://www.scstatehouse.gov/billsearch.php?billnumbers=5113&session=126&headerfooter=0,,,2nd Reading,Aye,Passed
[S]-881,2026-05-07T15:34:00.000-04:00,https://www.scstatehouse.gov/votehistory.php?KEY=27663,H.4163,South Carolina High School Athletic Association,https://www.scstatehouse.gov/billsearch.php?billnumbers=4163&session=126&headerfooter=0,,,3rd Reading,Aye,Passed
[S]-883,2026-05-12T15:49:00.000-04:00,https://www.scstatehouse.gov/votehistory.php?KEY=27682,S.883,Sine Die 2026,https://www.scstatehouse.gov/billsearch.php?billnumbers=883&session=126&headerfooter=0,RFH-2,https://scstatehouse.gov/amendments.php?KEY=34726,Table Amendment #RFH-2,Aye,Passed
[S]-884,2026-05-12T16:13:00.000-04:00,https://www.scstatehouse.gov/votehistory.php?KEY=27685,S.883,Sine Die 2026,https://www.scstatehouse.gov/billsearch.php?billnumbers=883&session=126&headerfooter=0,RFH-3,https://scstatehouse.gov/amendments.php?KEY=34727,Table Amendment #RFH-3,Nay,Passed
[S]-885,2026-05-12T16:26:00.000-04:00,https://www.scstatehouse.gov/votehistory.php?KEY=27686,S.883,Sine Die 2026,https://www.scstatehouse.gov/billsearch.php?billnumbers=883&session=126&headerfooter=0,,,concur,Aye,Failed
[S]-886,2026-05-12T16:35:00.000-04:00,https://www.scstatehouse.gov/votehistory.php?KEY=27687,H.3569,Domestic violence in rental properties,https://www.scstatehouse.gov/billsearch.php?billnumbers=3569&session=126&headerfooter=0,,,3rd Reading,Nay,Passed
[S]-887,2026-05-12T16:41:00.000-04:00,https://www.scstatehouse.gov/votehistory.php?KEY=27688,H.5113,Modular Homes,https://www.scstatehouse.gov/billsearch.php?billnumbers=5113&session=126&headerfooter=0,,,3rd Reading,Aye,Passed
[S]-888,2026-05-12T17:01:00.000-04:00,https://www.scstatehouse.gov/votehistory.php?KEY=27690,H.4000,Alcohol licensing,https://www.scstatehouse.gov/billsearch.php?billnumbers=4000&session=126&headerfooter=0,,,2nd Reading,Aye,Passed
[S]-889,2026-05-12T17:22:00.000-04:00,https://www.scstatehouse.gov/votehistory.php?KEY=27691,H.4476,Trade commissions,https://www.scstatehouse.gov/billsearch.php?billnumbers=4476&session=126&headerfooter=0,,,2nd Reading,Nay,Passed
[S]-890,2026-05-12T17:40:00.000-04:00,https://www.scstatehouse.gov/votehistory.php?KEY=27692,H.4382,Nonprescription Ephedrine Products,https://www.scstatehouse.gov/billsearch.php?billnumbers=4382&session=126&headerfooter=0,,,2nd Reading,Aye,Passed
[S]-891,2026-05-12T18:00:00.000-04:00,https://www.scstatehouse.gov/votehistory.php?KEY=27694,H.5122,Internet and Communications Service Providers Equipment,https://www.scstatehouse.gov/billsearch.php?billnumbers=5122&session=126&headerfooter=0,,,3rd Reading,Nay,Passed
[S]-892,2026-05-12T18:35:00.000-04:00,https://www.scstatehouse.gov/votehistory.php?KEY=27695,S.831,SCDOT Modernization,https://www.scstatehouse.gov/billsearch.php?billnumbers=831&session=126&headerfooter=0,,,Adopt the conference report,Aye,Passed
[S]-893,2026-05-12T19:09:00.000-04:00,https://www.scstatehouse.gov/votehistory.php?KEY=27697,S.454,Charter School Accountability,https://www.scstatehouse.gov/billsearch.php?billnumbers=454&session=126&headerfooter=0,,,Adopt amendment,Aye,Passed
[S]-894,2026-05-12T19:11:00.000-04:00,https://www.scstatehouse.gov/votehistory.php?KEY=27698,S.961,Red Drum,https://www.scstatehouse.gov/billsearch.php?billnumbers=961&session=126&headerfooter=0,,,Adopt amendment,Aye,Passed
[S]-896,2026-05-13T11:08:00.000-04:00,https://www.scstatehouse.gov/votehistory.php?KEY=27701,H.4589,Education Capital Improvements Sales and Use Tax,https://www.scstatehouse.gov/billsearch.php?billnumbers=4589&session=126&headerfooter=0,,,3rd Reading,Nay,Passed
[S]-897,2026-05-13T11:18:00.000-04:00,https://www.scstatehouse.gov/votehistory.php?KEY=27706,H.3570,Disclosure of Economic Interests,https://www.scstatehouse.gov/billsearch.php?billnumbers=3570&session=126&headerfooter=0,,,3rd Reading,Aye,Passed
[S]-898,2026-05-13T12:07:00.000-04:00,https://www.scstatehouse.gov/votehistory.php?KEY=27719,H.3558,Commissioners to Article V Convention,https://www.scstatehouse.gov/billsearch.php?billnumbers=3558&session=126&headerfooter=0,,,3rd Reading,Nay,Passed
[S]-899,2026-05-13T12:11:00.000-04:00,https://www.scstatehouse.gov/votehistory.php?KEY=27722,H.5217,Deer tags,https://www.scstatehouse.gov/billsearch.php?billnumbers=5217&session=126&headerfooter=0,,,3rd Reading,Aye,Passed
[S]-900,2026-05-13T12:25:00.000-04:00,https://www.scstatehouse.gov/votehistory.php?KEY=27726,H.4706,Racing facility,https://www.scstatehouse.gov/billsearch.php?billnumbers=4706&session=126&headerfooter=0,,,3rd Reading,Aye,Passed
[S]-902,2026-05-13T15:26:00.000-04:00,https://www.scstatehouse.gov/votehistory.php?KEY=27745,H.5120,"Fingerprinting, offenses by minors",https://www.scstatehouse.gov/billsearch.php?billnumbers=5120&session=126&headerfooter=0,,,2nd Reading,Aye,Passed
[S]-903,2026-05-13T15:50:00.000-04:00,https://www.scstatehouse.gov/votehistory.php?KEY=27759,S.222,Utility terrain vehicle,https://www.scstatehouse.gov/billsearch.php?billnumbers=222&session=126&headerfooter=0,,,Adopt amendment,Nay,Passed
[S]-904,2026-05-13T16:02:00.000-04:00,https://www.scstatehouse.gov/votehistory.php?KEY=27760,S.222,Utility terrain vehicle,https://www.scstatehouse.gov/billsearch.php?billnumbers=222&session=126&headerfooter=0,RFH-1,https://scstatehouse.gov/amendments.php?KEY=34769,Adopt Amendment #RFH-1,Nay,Failed
[S]-905,2026-05-13T16:10:00.000-04:00,https://www.scstatehouse.gov/votehistory.php?KEY=27765,S.222,Utility terrain vehicle,https://www.scstatehouse.gov/billsearch.php?billnumbers=222&session=126&headerfooter=0,,,concur,Nay,Passed
[S]-906,2026-05-13T16:17:00.000-04:00,https://www.scstatehouse.gov/votehistory.php?KEY=27768,S.688,DEW UI Tax Code,https://www.scstatehouse.gov/billsearch.php?billnumbers=688&session=126&headerfooter=0,,,Adopt amendment,Aye,Passed
[S]-907,2026-05-13T17:51:00.000-04:00,https://www.scstatehouse.gov/votehistory.php?KEY=27794,H.4042,Ivermectin,https://www.scstatehouse.gov/billsearch.php?billnumbers=4042&session=126&headerfooter=0,,,2nd Reading,Aye,Passed
[S]-908,2026-05-13T18:02:00.000-04:00,https://www.scstatehouse.gov/votehistory.php?KEY=27799,H.5538,Guarantee Banking Act,https://www.scstatehouse.gov/billsearch.php?billnumbers=5538&session=126&headerfooter=0,,,Table,Nay,Failed
[S]-909,2026-05-13T18:08:00.000-04:00,https://www.scstatehouse.gov/votehistory.php?KEY=27800,H.5538,Guarantee Banking Act,https://www.scstatehouse.gov/billsearch.php?billnumbers=5538&session=126&headerfooter=0,,,2nd Reading,Aye,Passed
[S]-910,2026-05-13T18:27:00.000-04:00,https://www.scstatehouse.gov/votehistory.php?KEY=27807,H.4303,Cigarettes for heating,https://www.scstatehouse.gov/billsearch.php?billnumbers=4303&session=126&headerfooter=0,,,3rd Reading,Nay,Passed
[S]-912,2026-05-14T11:30:00.000-04:00,https://www.scstatehouse.gov/votehistory.php?KEY=27818,H.4591,Stop Harm from Addictive Social Media,https://www.scstatehouse.gov/billsearch.php?billnumbers=4591&session=126&headerfooter=0,,,3rd Reading,Aye,Passed
[S]-913,2026-05-14T11:42:00.000-04:00,https://www.scstatehouse.gov/votehistory.php?KEY=27824,H.5018,"Agency Head Salary Commission, Governor and Lt. Governor",https://www.scstatehouse.gov/billsearch.php?billnumbers=5018&session=126&headerfooter=0,,,3rd Reading,Nay,Passed
[S]-914,2026-05-14T13:57:00.000-04:00,https://www.scstatehouse.gov/votehistory.php?KEY=27846,H.3021,Small Business Regulatory Freedom Act,https://www.scstatehouse.gov/billsearch.php?billnumbers=3021&session=126&headerfooter=0,,,concur,Aye,Failed
[S]-915,2026-05-14T14:20:00.000-04:00,https://www.scstatehouse.gov/votehistory.php?KEY=27847,H.4763,Helping Alleviate Lawful Obstruction HALO Act,https://www.scstatehouse.gov/billsearch.php?billnumbers=4763&session=126&headerfooter=0,,,3rd Reading,Aye,Passed
[S]-916,2026-05-14T14:31:00.000-04:00,https://www.scstatehouse.gov/votehistory.php?KEY=27848,S.832,University Campus Events Zoning,https://www.scstatehouse.gov/billsearch.php?billnumbers=832&session=126&headerfooter=0,,,concur,Aye,Passed
[S]-917,2026-05-14T15:05:00.000-04:00,https://www.scstatehouse.gov/votehistory.php?KEY=27852,S.508,Monument and Memorial Protection,https://www.scstatehouse.gov/billsearch.php?billnumbers=508&session=126&headerfooter=0,,,Adopt the conference report,Aye,Passed
[S]-935,2026-05-14T16:09:00.000-04:00,https://www.scstatehouse.gov/votehistory.php?KEY=27873,S.688,DEW UI Tax Code,https://www.scstatehouse.gov/billsearch.php?billnumbers=688&session=126&headerfooter=0,,,Adopt the conference report,Aye,Passed
[S]-955,2026-05-14T16:28:00.000-04:00,https://www.scstatehouse.gov/votehistory.php?KEY=27894,H.4709,US produced iron and steel,https://www.scstatehouse.gov/billsearch.php?billnumbers=4709&session=126&headerfooter=0,,,3rd Reading,Aye,Passed
